:020000040800F2
:1000000000000524D91D0008ED1A0008EF1A0008A9
:10001000F11A0008F31A0008F51A000800000000A1
:10002000000000000000000000000000F71A0008B7
:10003000F91A000800000000FB1A0008FD1A000869
:100040002D1E00082D1E00082D1E00082D1E000864
:100050002D1E00082D1E00082D1E00082D1E000854
:100060002D1E00082D1E00082D1E00082D1E000844
:100070002D1E00082D1E00082D1E00082D1E000834
:100080002D1E00082D1E00082D1E00082D1E000824
:100090002D1E00082D1E00082D1E00082D1E000814
:1000A0002D1E00082D1E00082D1E00082D1E000804
:1000B0002D1E00082D1E00082D1E00082D1E0008F4
:1000C0002D1E00082D1E00082D1E00082D1E0008E4
:1000D0002D1E00082D1E00082D1E00082D1E0008D4
:1000E0002D1E00082D1E0008000000002D1E000817
:1000F0002D1E00082D1E00082D1E00082D1E0008B4
:100100002D1E00082D1E00082D1E00082D1E0008A3
:100110002D1E00082D1E00082D1E00082D1E000893
:100120002D1E00082D1E00082D1E00082D1E000883
:100130002D1E00082D1E00082D1E00082D1E000873
:1001400000000000000000000000000000000000AF
:100150002D1E00082D1E00082D1E00082D1E000853
:100160002D1E00082D1E00082D1E00082D1E000843
:100170002D1E0008051B00082D1E000800000000B1
:100180002D1E00082D1E00082D1E00082D1E000823
:100190002D1E00082D1E00082D1E00082D1E000813
:1001A0002D1E00082D1E00082D1E00080000000056
:1001B0002D1E00082D1E00082D1E00082D1E0008F3
:1001C0002D1E00082D1E0008000000000000000089
:1001D00000000000000000002D1E000800000000CC
:1001E000000000000000000000000000000000000F
:1001F00000000000000000002D1E00082D1E000859
:100200002D1E00082D1E0008000000002D1E0008F5
:100210002D1E00082D1E00082D1E00082D1E000892
:100220002D1E0008000000002D1E00080000000028
:100230002D1E00082D1E0008000000002D1E0008C5
:100240002D1E00082D1E00082D1E00082D1E000862
:100250002D1E00082D1E00082D1E00082D1E000852
:100260002D1E00082D1E00082D1E00082D1E000842
:100270002D1E00082D1E00082D1E00080000000085
:100280002D1E00082D1E00082D1E00082D1E000822
:10029000000000002D1E00082D1E000800000000B8
:1002A000000000002D1E00082D1E00082D1E000855
:1002B0002D1E00082D1E00082D1E00082D1E0008F2
:0C02C0002D1E00082D1E00082D1E000839
:1003000080F0004002E000BF81F0004142001FBFCA
:100310005FEA410392EA030F7FEA226C7FEA236CD3
:100320006AD04FEA1262D2EB1363C1BFD2184140C8
:1003300048404140B8BF5B42192B88BF704710F05E
:10034000004F40F4000020F07F4018BF404211F001
:10035000004F41F4000121F07F4118BF494292EA69
:10036000030F3FD0A2F1010241FA03FC10EB0C0095
:10037000C3F1200301FA03F100F0004302D5494222
:1003800060EB4000B0F5000F13D3B0F1807F06D3CF
:1003900040084FEA310102F10102FE2A51D2B1F1C7
:1003A000004F40EBC25008BF20F0010040EA0300BC
:1003B0007047490040EB0000013A28BFB0F5000F3C
:1003C000EDD2B0FA80FCACF1080CB2EB0C0200FAF2
:1003D0000CF0AABF00EBC25052421843BCBFD04041
:1003E0001843704792F0000F81F4000106BF80F4BB
:1003F00000000132013BB5E74FEA41037FEA226C7E
:1004000018BF7FEA236C21D092EA030F04D092F048
:10041000000F08BF0846704790EA010F1CBF00207C
:10042000704712F07F4F04D1400028BF40F00040D9
:10043000704712F100723CBF00F50000704700F0F9
:10044000004343F0FE4040F4000070477FEA226220
:1004500016BF08467FEA23630146420206BF5FEAF1
:10046000412390EA010F40F4800070474FF00003F1
:1004700004E000BF10F0004348BF40425FEA000CB8
:1004800008BF704743F0964301464FF000001CE060
:1004900050EA010208BF70474FF000030AE000BFB6
:1004A00050EA010208BF704711F0004302D54042F4
:1004B00061EB41015FEA010C02BF84460146002066
:1004C00043F0B64308BFA3F18053A3F50003BCFA81
:1004D0008CF2083AA3EBC25310DB01FA02FC63442E
:1004E00000FA02FCC2F12002BCF1004F20FA02F235
:1004F00043EB020008BF20F00100704702F1200228
:1005000001FA02FCC2F1200250EA4C0021FA02F288
:1005100043EB020008BF20EADC7070474FF0FF0C8D
:100520001CEAD0521EBF1CEAD15392EA0C0F93EA88
:100530000C0F6FD01A4480EA010C400218BF5FEA2A
:1005400041211ED04FF0006343EA501043EA51119D
:10055000A0FB01310CF00040B1F5000F3EBF490097
:1005600041EAD3715B0040EA010062F17F02FD2A9B
:100570001DD8B3F1004F40EBC25008BF20F001007E
:10058000704790F0000F0CF0004C08BF49024CEA95
:10059000502040EA51207F3AC2BFD2F1FF0340EA27
:1005A000C250704740F400004FF00003013A5DDC98
:1005B00012F1190FDCBF00F000407047C2F10002D9
:1005C000410021FA02F1C2F1200200FA02FC5FEAC6
:1005D000310040F1000053EA4C0308BF20EADC7010
:1005E000704792F0000F00F0004C02BF400010F482
:1005F000000F013AF9D040EA0C0093F0000F01F02F
:10060000004C02BF490011F4000F013BF9D041EA50
:100610000C018FE70CEAD15392EA0C0F18BF93EA52
:100620000C0F0AD030F0004C18BF31F0004CD8D17C
:1006300080EA010000F00040704790F0000F17BF03
:1006400090F0004F084691F0000F91F0004F14D049
:1006500092EA0C0F01D142020FD193EA0C0F03D1A1
:100660004B0218BF084608D180EA010000F00040A4
:1006700040F0FE4040F40000704740F0FE4040F47F
:10068000400070474FF0FF0C1CEAD0521EBF1CEA1E
:10069000D15392EA0C0F93EA0C0F69D0A2EB03023C
:1006A00080EA010C49024FEA402037D04FF08053D6
:1006B00043EA111143EA10130CF000408B4238BF9B
:1006C0005B0042F17D024FF4000C8B4224BF5B1AA9
:1006D00040EA0C00B3EB510F24BFA3EB510340EAF7
:1006E0005C00B3EB910F24BFA3EB910340EA9C00A5
:1006F000B3EBD10F24BFA3EBD10340EADC001B0115
:1007000018BF5FEA1C1CE0D1FD2A3FF650AF8B42B8
:1007100040EBC25008BF20F0010070470CF0004CC5
:100720004CEA50207F32C2BFD2F1FF0340EAC250F0
:10073000704740F400004FF00003013A37E792F0B1
:10074000000F00F0004C02BF400010F4000F013A0F
:10075000F9D040EA0C0093F0000F01F0004C02BF0A
:10076000490011F4000F013BF9D041EA0C0195E773
:100770000CEAD15392EA0C0F08D142027FF47DAF0C
:1007800093EA0C0F7FF470AF084676E793EA0C0FFC
:1007900004D14B023FF44CAF08466EE730F0004CFA
:1007A00018BF31F0004CCAD130F000427FF45CAF8A
:1007B00031F000437FF43CAF5FE700BF42000ED250
:1007C000B2F1FE4F0BD34FF09E03B3EB126209D48C
:1007D0004FEA002343F0004323FA02F070474FF042
:1007E0000000704712F1610F01D1420202D14FF0B7
:1007F000FF3070474FF00000704700BF000000005E
:1008000002780B78012A28BF9A4240F0D8806DE91F
:10081000044540EA0104CDE902676FF0000C4FEA9D
:1008200044721AB380EA010414F0070F6BD100F090
:10083000070420F0070004F0030521F007014FEA48
:10084000C505F0E8042314F0040FF1E804670CFA7E
:1008500005F462EA040266EA04060BD063EA0403C4
:10086000624667EA0407664604E000BFF0E8042336
:10087000F1E8046782FA4CF582EA0604A4FA8CF4E3
:100880006CBB83FA4CF583EA0705A5FA8CF595B99C
:1008900050E9022351E9026782FA4CF582EA060424
:1008A000A4FA8CF483FA4CF583EA0705A5FA8CF5D3
:1008B0002543DBD09CB92DBAB5FA85F424F00704A2
:1008C00027FA04F1DDE9026723FA04F303F0FF00DD
:1008D00001F0FF01FDE80445A0EB0100704724BAD8
:1008E000B4FA84F424F0070426FA04F1DDE902677F
:1008F00022FA04F202F0FF0001F0FF01FDE80445D6
:10090000A0EB0100704714F0030F3CD110F003047A
:1009100028D150F8082B51F8083B82FA4CF582EAAE
:100920000305A5FA8CF55DB950F8042C51F8043C88
:1009300082FA4CF582EA0305A5FA8CF5002DE8D081
:100940002DBAB5FA85F424F0070423FA04F122FA4B
:1009500004F202F0FF0001F0FF01FDE80445A0EB06
:10096000010070474FEAC40420F0030050F8082B40
:1009700021F0030151F8083B0CFA04F462EA040286
:1009800063EA0403C9E710F003041DD0A1EB0401DE
:1009900020F00300E40750F8042B06D012D28B7825
:1009A0005FFAA2F4E41A06D12BB1CB785FFAB2F465
:1009B000E41A00D133B920465DF8104B7047A2EB22
:1009C0000300704701F1040150F8042BCC0721F01B
:1009D000030151F8043B48D824D222F07F4482FA24
:1009E0004CF594EA1325A5FA8CF50AD165B951F8AE
:1009F000043B84EA0204B4EB036F0ED150F8042BDD
:100A0000EBE74FEA132355E035F07F454DD10878E9
:100A1000FDE80445C0F1000070474FEA126203F0A0
:100A2000FF0347E002EA1C4482FA4CF594EA1345BE
:100A3000A5FA8CF50AD165B951F8043B84EA0204A1
:100A4000B4EB034F0CD150F8042BEBE74FEA134300
:100A500030E015EA1C4528D10B884FEA124229E004
:100A60004FEA124203EA1C4324E002F0FF0482FA38
:100A70004CF594EA1365A5FA8CF50AD165B951F8DD
:100A8000043B84EA0204B4EB032F09D150F8042B91
:100A9000EBE74FEA13630DE015F0FF0F05D10B688C
:100AA0004FEA122223F07F4304E04FF00000FDE8FC
:100AB0000445704712BA1BBA82FA4CF482EA030466
:100AC000A4FA8CF5B5FA85F402FA04F203FA04F3F9
:100AD0004FEA1260FDE80445A0EB1360704700BFC9
:100AE0000000000000000000000000000000000006
:100AF00000000000000000000000000000000000F6
:100B000030B490F800F020F007016FF0000C10F006
:100B1000070491F820F040F048804FF000046FF097
:100B20000700D1E9002391F840F000F1080082FAB3
:100B30004CF2A4FA8CF283FA4CF3A2FA8CF34BBB7E
:100B4000D1E9022382FA4CF200F10800A4FA8CF2F7
:100B500083FA4CF3A2FA8CF3E3B9D1E9042382FAC5
:100B60004CF200F10800A4FA8CF283FA4CF3A2FADA
:100B70008CF37BB9D1E9062301F1200182FA4CF212
:100B800000F10800A4FA8CF283FA4CF3A2FA8CF379
:100B9000002BC6D0002A04BF04301A4612BAB2FA9B
:100BA00082F200EBD20030BC7047D1E9002304F0A0
:100BB0000305C4F100004FEAC50514F0040F91F8D5
:100BC00040F00CFA05F562EA05021CBF63EA050372
:100BD00062464FF00004AAE7000000000000000099
:100BE00001F0FF01102A2BDB10F0070F08D010F8DE
:100BF000013B013A8B422DD010F0070F42B3F6D1E2
:100C0000F0B441EA012141EA014122F007047FF0FA
:100C100000070023F0E80256083C85EA010586EA51
:100C2000010685FA47F5A3FA87F586FA47F6A5FA8D
:100C300087F68EB9EED1F0BC01F0FF0102F0070299
:100C400032B110F8013B013A83EA010313B1F8D144
:100C50000020704701387047002D06BF3546033825
:100C6000073815F0010F07D1013015F4807F02BF5E
:100C7000013015F4C03F0130F0BC0138704700BFAF
:100C8000844641EA000313F003036DD1403A41D397
:100C900051F8043B40F8043B51F8043B40F8043B56
:100CA00051F8043B40F8043B51F8043B40F8043B46
:100CB00051F8043B40F8043B51F8043B40F8043B36
:100CC00051F8043B40F8043B51F8043B40F8043B26
:100CD00051F8043B40F8043B51F8043B40F8043B16
:100CE00051F8043B40F8043B51F8043B40F8043B06
:100CF00051F8043B40F8043B51F8043B40F8043BF6
:100D000051F8043B40F8043B51F8043B40F8043BE5
:100D1000403ABDD2303211D351F8043B40F8043B85
:100D200051F8043B40F8043B51F8043B40F8043BC5
:100D300051F8043B40F8043B103AEDD20C3205D395
:100D400051F8043B40F8043B043AF9D2043208D08D
:100D5000D2071CBF11F8013B00F8013B01D30B88FF
:100D600003806046704700BF082A13D38B078DD0DD
:100D700010F003038AD0C3F10403D21ADB071CBFAF
:100D800011F8013B00F8013B80D331F8023B20F819
:100D9000023B7BE7043AD9D3013A11F8013B00F852
:100DA000013BF9D20B7803704B7843708B788370DA
:100DB0006046704781F0004102E000BF83F00043CD
:100DC00030B54FEA41044FEA430594EA050F08BFE6
:100DD00090EA020F1FBF54EA000C55EA020C7FEAAA
:100DE000645C7FEA655C00F0E2804FEA5454D4EB27
:100DF0005555B8BF6D420CDD2C4480EA020281EAF1
:100E0000030382EA000083EA010180EA020281EA28
:100E10000303362D88BF30BD11F0004F4FEA01317A
:100E20004FF4801C4CEA113102D0404261EB410189
:100E300013F0004F4FEA03334CEA133302D052420F
:100E400063EB430394EA050F00F0A780A4F10104CB
:100E5000D5F1200E0DDB02FA0EFC22FA05F2801805
:100E600041F1000103FA0EF2801843FA05F35941EB
:100E70000EE0A5F120050EF1200E012A03FA0EFC6A
:100E800028BF4CF0020C43FA05F3C01851EBE37194
:100E900001F0004507D54FF0000EDCF1000C7EEBB1
:100EA00000006EEB0101B1F5801F1BD3B1F5001FEF
:100EB0000CD349085FEA30004FEA3C0C04F101040E
:100EC0004FEA445212F5800F80F09A80BCF1004F37
:100ED00008BF5FEA500C50F1000041EB045141EAB9
:100EE000050130BD5FEA4C0C404141EB0101013C82
:100EF00028BFB1F5801FE9D291F0000F04BF014671
:100F00000020B1FA81F308BF2033A3F10B03B3F142
:100F100020020CDA0C3208DD02F1140CC2F10C02D2
:100F200001FA0CF021FA02F10CE002F11402D8BF30
:100F3000C2F1200C01FA02F120FA0CFCDCBF41EAFC
:100F40000C019040E41AA2BF01EB0451294330BDCB
:100F50006FEA04041F3C1CDA0C340EDC04F11404A8
:100F6000C4F1200220FA04F001FA02F340EA03007F
:100F700021FA04F345EA030130BDC4F10C04C4F1C5
:100F8000200220FA02F001FA04F340EA03002946A5
:100F900030BD21FA04F0294630BD94F0000F83F4EF
:100FA000801306BF81F480110134013D4EE77FEAD2
:100FB000645C18BF7FEA655C29D094EA050F08BF1E
:100FC00090EA020F05D054EA000C04BF19461046FF
:100FD00030BD91EA030F1EBF0021002030BD5FEA43
:100FE000545C05D14000494128BF41F0004130BD6B
:100FF00014F580043CBF01F5801130BD01F00045BF
:1010000045F0FE4141F470014FF0000030BD7FEA31
:10101000645C1ABF194610467FEA655C1CBF0B462C
:10102000024650EA013406BF52EA033591EA030F43
:1010300041F4002130BD00BF90F0000F04BF00213B
:10104000704730B54FF4806404F132044FF000056E
:101050004FF0000150E700BF90F0000F04BF0021E7
:10106000704730B54FF4806404F1320410F000454D
:1010700048BF40424FF000013EE700BF42004FEA48
:10108000E2014FEA31014FEA02701FBF12F07F43C5
:1010900093F07F4F81F06051704732F07F4208BF7C
:1010A000704793F07F4F04BF41F40021704730B583
:1010B0004FF4607401F0004521F000411CE700BFCF
:1010C00050EA010208BF704730B54FF000050AE052
:1010D00050EA010208BF704730B511F0004502D553
:1010E000404261EB41014FF4806404F132045FEA55
:1010F000915C3FF4D8AE4FF003025FEADC0C18BFFE
:1011000003325FEADC0C18BF033202EBDC02C2F1EF
:10111000200300FA03FC20FA02F001FA03FE40EA81
:101120000E0021FA02F11444BDE600BF70B54FF085
:10113000FF0C4CF4E06C1CEA11541DBF1CEA135563
:1011400094EA0C0F95EA0C0F00F0DEF82C4481EACB
:10115000030621EA4C5123EA4C5350EA013518BFEB
:1011600052EA033541F4801143F4801338D0A0FBD8
:1011700002CE4FF00005E1FB02E506F00042E0FB85
:1011800003E54FF00006E1FB03569CF0000F18BF8B
:101190004EF0010EA4F1FF04B6F5007F64F5407433
:1011A00004D25FEA4E0E6D4146EB060642EAC621C6
:1011B00041EA55514FEAC52040EA5E504FEACE2E33
:1011C000B4F1FD0C88BFBCF5E06F1ED8BEF1004F36
:1011D00008BF5FEA500E50F1000041EB045170BDB2
:1011E00006F0004646EA010140EA020081EA0301F6
:1011F000B4EB5C04C2BFD4EB0C0541EA045170BDF2
:1012000041F480114FF0000E013C00F3AB8014F16B
:10121000360FDEBF002001F0004170BDC4F10004B4
:10122000203C35DA0C341BDC04F11404C4F1200535
:1012300000FA05F320FA04F001FA05F240EA020090
:1012400001F0004221F0004110EBD37021FA04F6C6
:1012500042EB06015EEA430E08BF20EAD37070BD80
:10126000C4F10C04C4F1200500FA04F320FA05F0DF
:1012700001FA04F240EA020001F0004110EBD370E1
:1012800041F100015EEA430E08BF20EAD37070BD51
:10129000C4F1200500FA05F24EEA020E20FA04F32A
:1012A00001FA05F243EA020321FA04F001F00041D9
:1012B00021FA04F220EA020000EBD3705EEA430E4A
:1012C00008BF20EAD37070BD94F0000F0FD101F079
:1012D0000046400041EB010111F4801F08BF013CB2
:1012E000F7D041EA060195F0000F18BF704703F0F0
:1012F0000046520043EB030313F4801F08BF013D77
:10130000F7D043EA0603704794EA0C0F0CEA135532
:1013100018BF95EA0C0F0CD050EA410618BF52EAEC
:101320004306D1D181EA030101F000414FF00000F2
:1013300070BD50EA410606BF1046194652EA430600
:1013400019D094EA0C0F02D150EA013613D195EA74
:101350000C0F05D152EA03361CBF104619460AD1BC
:1013600081EA030101F0004141F0FE4141F47001C6
:101370004FF0000070BD41F0FE4141F4780170BDB6
:1013800070B54FF0FF0C4CF4E06C1CEA11541DBF1B
:101390001CEA135594EA0C0F95EA0C0F00F0A7F81D
:1013A000A4EB050481EA030E52EA03354FEA01314A
:1013B00000F088804FEA03334FF0805545EA13135D
:1013C00043EA12634FEA022245EA111545EA106525
:1013D0004FEA00260EF000419D4208BF964244F1BC
:1013E000FD0404F5407402D25B084FEA3202B61ADB
:1013F00065EB03055B084FEA32024FF480104FF4AF
:10140000002CB6EB020E75EB030E22BFB61A754622
:1014100040EA0C005B084FEA3202B6EB020E75EBB5
:10142000030E22BFB61A754640EA5C005B084FEA1D
:101430003202B6EB020E75EB030E22BFB61A7546EA
:1014400040EA9C005B084FEA3202B6EB020E75EBF5
:10145000030E22BFB61A754640EADC0055EA060EB6
:1014600018D04FEA051545EA16754FEA06164FEAF9
:10147000C30343EA52734FEAC2025FEA1C1CC0D1A5
:1014800011F4801F0BD141EA00014FF000004FF032
:10149000004CB6E711F4801F04BF01430020B4F1F3
:1014A000FD0C88BFBCF5E06F3FF6AFAEB5EB030CAB
:1014B00004BFB6EB020C5FEA500C50F1000041EBA8
:1014C000045170BD0EF0004E4EEA113114EB5C0475
:1014D000C2BFD4EB0C0541EA045170BD41F4801148
:1014E0004FF0000E013C90E645EA060E8DE60CEA50
:1014F000135594EA0C0F08BF95EA0C0F3FF43BAF6D
:1015000094EA0C0F0AD150EA01347FF434AF95EA23
:101510000C0F7FF425AF104619462CE795EA0C0F07
:1015200006D152EA03353FF4FDAE1046194622E7D4
:1015300050EA410618BF52EA43067FF4C5AE50EAAE
:1015400041047FF40DAF52EA43057FF4EBAE12E79E
:101550004FF0FF3C06E000BF4FF0010C02E000BF7F
:101560004FF0010C4DF804CD4FEA410C7FEA6C5C62
:101570004FEA430C18BF7FEA6C5C1BD001B050EA05
:10158000410C0CBF52EA430C91EA030F02BF90EAF0
:10159000020F0020704710F1000F91EA030F58BFAF
:1015A000994208BF90422CBFD8176FEAE37040F011
:1015B000010070474FEA410C7FEA6C5C02D150EAAF
:1015C000013C07D14FEA430C7FEA6C5CD6D152EA6A
:1015D000033CD3D05DF8040B704700BF844610462F
:1015E00062468C461946634600E000BF01B5FFF72E
:1015F000B7FF002848BF10F1000F01BD4DF808EDFE
:10160000FFF7F4FF0CBF012000205DF808FB00BFCE
:101610004DF808EDFFF7EAFF34BF012000205DF828
:1016200008FB00BF4DF808EDFFF7E0FF94BF012075
:1016300000205DF808FB00BF4DF808EDFFF7CEFF76
:1016400094BF012000205DF808FB00BF4DF808EDB5
:10165000FFF7C4FF34BF012000205DF808FB00BF86
:101660004FEA410C7FEA6C5C02D150EA013C0AD19E
:101670004FEA430C7FEA6C5C02D152EA033C02D190
:101680004FF0000070474FF0010070474FEA4102F1
:1016900012F5001215D211D56FF47873B3EB6252C4
:1016A00012D94FEAC12343F0004343EA505311F0EB
:1016B000004F23FA02F018BF404270474FF000007D
:1016C000704750EA013005D111F0004008BF6FF0BB
:1016D000004070474FF00000704700BF0348044BC4
:1016E000834202D0034B03B118477047D40700244C
:1016F000D4070024000000000548064B1B1AD90F30
:1017000001EBA301491002D0034B03B11847704706
:10171000D4070024D40700240000000010B5064CB4
:10172000237843B9FFF7DAFF044B13B10448AFF352
:1017300000800123237010BDD407002400000000A6
:1017400048D3000808B5054B1BB105490548AFF360
:101750000080BDE80840FFF7CFBF00BF00000000D9
:10176000D807002448D3000830B58BB00024059476
:101770000694079408940994284BD3F8E02042F08B
:101780008002C3F8E020D3F8E02002F0800200924B
:10179000009AD3F8E02042F00102C3F8E020D3F829
:1017A000E02002F001020192019AD3F8E02042F019
:1017B0000802C3F8E020D3F8E02002F00802029209
:1017C000029AD3F8E02042F00402C3F8E020D3F8F4
:1017D000E02002F004020392039AD3F8E02042F0E2
:1017E0000202C3F8E020D3F8E03003F002030493D0
:1017F000049B0B4D22464FF40071284600F07CFDFF
:101800004FF400730593012306930794089405A9E8
:10181000284600F063FC0BB030BD00BF0044025806
:10182000000C025810B584B0002400940194029476
:10183000039400F009FC01238DF800308DF801407D
:1018400001941F228DF8082087228DF809208DF839
:101850000A408DF80B408DF80C308DF80D308DF866
:101860000E408DF80F40684600F00CFC042000F09C
:10187000F9FB04B010BD72B6FEE7000000B59DB0E4
:101880004C22002109A805F06BFE2022002101A8AE
:1018900005F066FE022001F0ADFB00230093204B13
:1018A0009A6922F440429A619B6903F44043009391
:1018B000009B1B4B9B6913F4005FFAD00123099333
:1018C0004FF480320A9202221292139214930F2143
:1018D00015911693179218930C23199300231A93BA
:1018E0004FF4A0531B9309A801F0B6FBA0B93F2306
:1018F0000193032102910023039304934023059352
:1019000006934FF480620792089301A801F0A8FFA4
:1019100020B91DB05DF804FBFFF7ADFFFFF7ABFF8B
:101920000048025800B583B0FFF77CFF00F0A8FA2A
:10193000FFF7A4FF4FF40041154804F0F1F8FFF75A
:1019400013FF00F029F805F03DFA00F0F1F90F213E
:10195000104804F027F900230093ADF8043004F098
:101960009DF90B4C0121204600F0CCFC642000F0D6
:10197000C7FA0221204600F0C5FC642000F0C0FA3E
:101980000421204600F0BEFC642000F0B9FAE6E72E
:101990000000025860D3000808B51548154B0360D5
:1019A0004FF480034360002383600722C2604FF03E
:1019B000007202614FF0807242614FF0806282617A
:1019C000C361036243628362C3624FF08042426339
:1019D0008363C363036443648364C36403654365CF
:1019E000836502F0CFFE00B908BDFFF744FFFBE7B7
:1019F000F0070024003C004030B5B9B00446002197
:101A000033913491359136913791B82204A805F07D
:101A1000A7FD2268284B9A4201D039B030BD4FF45F
:101A200080520023CDE9042304A802F08DF9002898
:101A30003ED1224BD3F8E82042F40042C3F8E8201C
:101A4000D3F8E82002F400420192019AD3F8E02092
:101A500042F00402C3F8E020D3F8E02002F00402D0
:101A60000292029AD3F8E02042F00802C3F8E02084
:101A7000D3F8E03003F008030393039B4FF4406373
:101A800033930225349500243594369406233793F6
:101A900033A90B4800F022FB40233393349535944F
:101AA00036940523379333A9064800F017FBB4E7B3
:101AB000FFF7E1FEBDE700BF003C004000440258D4
:101AC00000080258000C025882B0074BD3F8F420EB
:101AD00042F00202C3F8F420D3F8F43003F002031A
:101AE0000193019B02B0704700440258FEE7FEE7F5
:101AF000FEE7FEE7FEE770477047704708B500F065
:101B0000EDF908BD08B5024800F035FF08BD00BF7B
:101B1000F42000240120704708B505F0C7FD162306
:101B200003604FF0FF3008BD08B54FF0FF31FFF7FD
:101B3000F3FFFEE770B50C461646002506E0AFF34E
:101B40000080214601F8010B01350C46B542F6DB59
:101B5000304670BD70B50C461646002504E014F8FA
:101B6000010BAFF300800135B542F8DB304670BDA4
:101B70004FF0FF3070474FF400534B600020704728
:101B8000012070470020704710B503460C4A0D49EC
:101B90000D48006840B10C4800680344521A934253
:101BA00006D8094A136010BD0748084C0460F2E7E4
:101BB00005F07CFD0C2303604FF0FF30F3E700BF1E
:101BC000000005240004000078080024F028002408
:101BD000274B1B6803F00F03062B06D8244A136813
:101BE00023F00F0343F007031360224B1A6842F0FF
:101BF00001021A6000221A6119681F4A0A401A601D
:101C00001B4B1B6813F0080F06D0194A136823F00A
:101C10000F0343F007031360164B00229A61DA6149
:101C20001A62164999621649D962164919635A63AC
:101C30009963DA6319645A64196821F48021196080
:101C40001A66D3F8D43013F4805F10D1094BD3F85F
:101C5000D42042F48052C3F8D4200B4A43F2D2017C
:101C60001160D3F8D42022F48052C3F8D4207047F6
:101C700000200052004402587FEDF6EA0002020202
:101C80000000FF018002010100400052054AD368B4
:101C900043F00203D360034B5B6813F4005FFAD098
:101CA000704700BF004802580368B3F1804F00D06E
:101CB000704782B0074BD3F8E82042F00102C3F826
:101CC000E820D3F8E83003F001030193019B02B050
:101CD000704700BF0044025800B587B0002301934D
:101CE00002930393049305930368B3F1804F02D0EA
:101CF00007B05DF804FB0C4BD3F8E02042F0010282
:101D0000C3F8E020D3F8E03003F001030093009B18
:101D100007230193022302930123059301A903489A
:101D200000F0DCF9E4E700BF00440258000002586C
:101D300000B58BB000230793089309930093019398
:101D40000293039304930593069322484FF0804235
:101D50000260436083604FF0FF32C26003618361C1
:101D600002F0B2FF30BB00230793099307A919487B
:101D700003F0C2F808BB6023009300220192022303
:101D80000293042304936946124803F017F8B8B984
:101D9000042269460F4803F011F8A0B908226946E9
:101DA0000C4803F00BF888B90A48FFF795FF0BB011
:101DB0005DF804FBFFF75FFDD5E7FFF75CFDDAE7B1
:101DC000FFF759FDE4E7FFF756FDE7E7FFF753FD9F
:101DD000EAE700BF7C080024DFF838D0FFF756FFA1
:101DE000FFF7F6FE0C480D490D4A002302E0D458D7
:101DF000C4500433C4188C42F9D30A4A0A4C002355
:101E000001E013600432A242FBD305F055FCFFF75A
:101E100089FD70470000052400000024D407002439
:101E2000FCD70008D4070024EC280024FEE70000BB
:101E3000104B1B780BB90120704710B504464FF4C6
:101E40007A70B0FBF3F30C4A1068B0FBF3F000F0CB
:101E5000E7F868B90F2C01D901200AE000222146D9
:101E60004FF0FF3000F0C4F8044B1C60002000E08D
:101E7000012010BD08000024040000240C000024F0
:101E800010B5032000F0A2F801F0D8FB0F498B69D0
:101E9000C3F303230E4AD35C03F01F03D8408B69BE
:101EA00003F00F03D35C03F01F0320FA03F3094A86
:101EB0001360094B18600F20FFF7BAFF10B101241F
:101EC000204610BD0446FFF7FFFDF9E70044025825
:101ED00098D500080000002404000024034B1B7860
:101EE000034A11680B441360704700BF08000024C8
:101EF000C8080024014B1868704700BFC8080024B8
:101F000038B50446FFF7F6FF0546B4F1FF3F02D0AF
:101F1000044B1B781C44FFF7EDFF401BA042FAD393
:101F200038BD00BF08000024002807DB00F01F02B6
:101F3000400901239340024A42F82030704700BF15
:101F400000E100E0002804DB0901C9B2044B195488
:101F5000704700F00F000901C9B2024B19547047D5
:101F600000E400E014ED00E000B500F00700C0F16F
:101F7000070CBCF1040F28BF4FF0040C031D062B07
:101F80000FD9C31E4FF0FF3E0EFA0CF021EA0001FC
:101F900099400EFA03FE22EA0E0241EA02005DF8C1
:101FA00004FB0023EEE70000BFF34F8F0549CA682A
:101FB00002F4E062044B1343CB60BFF34F8F00BFCA
:101FC000FDE700BF00ED00E00400FA050649CB681C
:101FD00023F4E0631B041B0C000200F4E0600343E5
:101FE000024A1A43CA60704700ED00E00000FA059B
:101FF00010B50446054BD868C0F30220FFF7B4FFC4
:1020000001462046FFF79EFF10BD00BF00ED00E037
:1020100008B5FFF789FF08BD08B5FFF7C5FF000049
:102020000138B0F1807F0BD24FF0E0235861054AB0
:10203000F02182F823100020986107221A6170476E
:102040000120704700ED00E0BFF35F8F044B5A6A38
:1020500022F480325A620022C3F89420704700BFF5
:1020600000ED00E040F00100054BC3F894005A6A0F
:1020700042F480325A62BFF34F8FBFF36F8F7047C5
:1020800000ED00E04378144AC2F89830D2F8A0304E
:1020900023F00103C2F8A0304368C2F89C30017BF2
:1020A000C37A1B0643EA0173817A43EAC143417B49
:1020B00043EA8143817B43EA4143C17B43EA0143D5
:1020C000417A43EA0123017A43EA410301780B4351
:1020D000C2F8A030704700BF00ED00E070B582B0DC
:1020E00000236EE085685E000324B44025EA040501
:1020F000CC68B4402C438460456825EA0C054C68E4
:10210000C4F300149C402C4344606DE0DD080835A6
:1021100050F8254003F0070C4FEA8C0C4FF00F0EDF
:102120000EFA0CFE24EA0E0E0C6904FA0CF444EAD2
:102130000E0440F825406FE0092400E0002404FA72
:102140000EF42C430CF1020C684D45F82C404FF076
:10215000B0442568D44325EA0206D1F804C01CF433
:10216000801F01D042EA05064FF0B0452E606D6831
:1021700004EA0506D1F804C01CF4001F01D042EAAD
:1021800005064FF0B0456E60D5F8845004EA0506A8
:10219000D1F804C01CF4003F01D042EA05064FF01C
:1021A000B045C5F88460D5F880502C404E6816F4D0
:1021B000803F01D042EA05044FF0B042C2F88040AF
:1021C00001330A6832FA03F400F08D804FF0010CFD
:1021D0000CFA03FC1CEA0202F2D04C6804F003047F
:1021E000013C012C7FF67EAF4C6804F00304032C05
:1021F0000CD0C4685D004FF0030C0CFA05FC24EA17
:102200000C0C8C68AC4044EA0C04C4604C6804F0CC
:102210000304022C3FF47AAF04684FEA430E4FF0F8
:10222000030C0CFA0EFC24EA0C0C4C6804F00304BA
:1022300004FA0EF444EA0C0404604C6814F4403FC1
:10224000BED02B4CD4F8F45045F00205C4F8F4503D
:10225000D4F8F44004F002040194019C4FEA930C7A
:102260000CF10205214C54F8255003F0030E4FEAFF
:102270008E0E0F2404FA0EF425EA04051D4CA0422C
:102280003FF45CAF04F58064A0421ED004F5806486
:10229000A0421CD004F58064A0421AD004F58064EA
:1022A000A04218D004F58064A04216D004F58064E2
:1022B000A04214D004F58064A04212D004F500645A
:1022C000A0423FF439AF0A2439E7012437E702245A
:1022D00035E7032433E7042431E705242FE70624F8
:1022E0002DE707242BE702B070BD00BF00040058A3
:1022F00000440258000002580AB181617047090485
:1023000081617047436901EA030221EA030141EA5E
:102310000241816170472DE9F04383B0D0F800801D
:1023200001EBC10300EB83039A6A5B6A9A4254D8BB
:1023300007460C469B1A01EBC10200EB8202D269F0
:102340009A4200D31A4602F103094FEA990915E0AF
:1023500006F103094FEA9909BB7904EBC40507EBC1
:102360008505296A0093B3B2E2B2404603F054F9FE
:102370002B6A33442B62AB6A3344AB6208EB4413E1
:1023800003F510639B699BB24B4512D304EBC40366
:1023900007EB83039A6A5B6A9A420AD24BB19B1A93
:1023A00004EBC40207EB8202D6699E42D0D31E46DC
:1023B000CEE704EBC40307EB83077A6ABB6A9A4251
:1023C0000FD804F00F040122A240D8F8343823EAD1
:1023D0000203C8F83438002000E0012003B0BDE853
:1023E000F0830020FAE730B583B000287AD00446A5
:1023F00090F89534ABB1032384F89534206802F04B
:10240000C3FE237C8DF80030231D0ECB206802F024
:10241000F1FD58B1022384F895340125284603B014
:1024200030BD80F8943404F0D7FDE4E70021206843
:1024300003F009FB024608B9034617E0022384F8BB
:1024400095340125EAE703EBC30104EB8101012088
:1024500048750B75CB8500200876C861086203EBD0
:10246000C30104EB810148620133DBB22079984259
:10247000E9D816E002EBC20304EB8303002183F8E2
:10248000551283F8542283F85812C3F85C12C3F82B
:10249000601202EBC20304EB8303C3F8641201323F
:1024A000D2B29042E6D8237C8DF80030231D0ECBAB
:1024B000206802F0BFFE054658B90023637401236B
:1024C00084F89534237B012B08D0206803F07AFA36
:1024D000A4E7022384F8953401259FE7204600F005
:1024E00073FDF2E7012599E7036890F89424012A27
:1024F0001AD010B50446012280F89424DA6812F04C
:10250000400F02D0427B012A09D0206802F036FE3B
:10251000206803F049FA002084F8940410BD9A6BF7
:1025200042F480329A63F0E70220704770B50446A7
:102530000D460068066C00EB411303F530639A68A2
:10254000A179012911D038498E4256D03DB905EB09
:10255000C50304EB8303D3F86432002B5ED0E9B2E9
:10256000204604F07BFD002070BD12F0080F09D05A
:102570002E498E42F7D912F4004FF4D04FF40042A6
:102580009A60F0E712F0200F02D020229A60EAE76A
:1025900012F0280FE7D125498E4206D912F4004FD8
:1025A00003D04FF400429A60DDE705EBC50204EB6F
:1025B0008202D2F874121B69C3F31203CB1AC2F859
:1025C00068327DB905EBC50204EB8202D2F86422C1
:1025D0006AB105EBC50204EB8202D2F8601219441D
:1025E000C2F86012E9B2204604F038FDBBE704F2FD
:1025F0009C42012103F066FAF4E712F4004F03D085
:102600004FF400429A60AEE712F0200F01D0202272
:102610009A60E9B2204604F021FDA4E704F29C424E
:10262000002103F04FFA9AE70A31544F0A30544F11
:1026300038B5044603681D6C03EB4113D3F8081B3F
:102640000E4A954207D903F5306311F4004F02D0CA
:102650004FF400429A60204604F0F8FC074B9D427C
:1026600002D9A379012B01D0002038BD04F29C428D
:102670000121206803F026FAF6E700BF0A30544F24
:1026800090F89434012B0CD010B50446012380F847
:1026900094344174006803F077F9002084F89404BE
:1026A00010BD0220704738B505468C4611F0800FEA
:1026B0002BD101F00F0E0EEBCE04A40004F5147420
:1026C0000444211D0EEBCE0E00EB8E0E00208EF882
:1026D00055020CF00F0C81F800C0C2F30A028A60A8
:1026E0000B714A780AB1A1F81AC0022B1CD095F8D8
:1026F0009434012B1BD0012385F89434286802F010
:1027000071FE002085F8940438BD01F00F0000EB45
:10271000C001890010312944043100EBC00005EBF1
:10272000800001244475D4E700234B71DFE70220C9
:10273000EAE710B504460A4611F0800F20D101F0F7
:102740000F0000EBC0039B0003F514732344191D15
:1027500000EBC00004EB8000002380F8553202F04B
:102760000F020A7094F89434012B18D0012384F8D6
:102770009434206802F082FE002084F8940410BD96
:1027800001F00F0000EBC0039B0010332344191D20
:1027900000EBC00004EB800001234375DFE702205B
:1027A000EDE710B5144601F00F0C0CEBCC018900DD
:1027B00001F51471014404310CEBCC0E00EB8E0ECC
:1027C000CEF86022CEF864320023CEF868328EF85C
:1027D00055328EF854C28279012A04D0006802F082
:1027E00033FF002010BDCEF87042F7E701F00F0173
:1027F00001EBC10100EB8100D0F86802704710B511
:10280000144601F00F0C0CEBCC018900103101448F
:1028100004310CEBCC0E00EB8E0ECEF82020CEF85F
:1028200024300023CEF8283001238EF815308EF89E
:1028300014C082799A4204D0006802F005FF00209B
:1028400010BDCEF83040F7E738B501F00F0502793A
:10285000AA4238D304460B4611F0800F1FD101EB7A
:10286000C101890001F514710144043103EBC30374
:1028700000EB8303002283F8552201238B700D7037
:1028800094F89434012B20D0012384F894342068E8
:1028900003F01FF885B1002084F8940438BD05EBDF
:1028A000C501890010310144043105EBC50300EB7B
:1028B000830301225A75E0E704F29C42A179206863
:1028C00003F000F9E7E70120E8E70220E6E701F07E
:1028D0000F0302799A4230D310B5044611F0800FED
:1028E0001ED103EBC301890001F5147101440431C9
:1028F00003EBC30200EB8202002082F855020022A3
:102900008A700B7094F89434012B18D0012384F84A
:102910009434206803F00AF8002084F8940410BD71
:1029200003EBC301890010310144043103EBC302FE
:1029300000EB820201205075E1E701207047022080
:10294000EDE708B511F0800F0CD101F00F0101EB9C
:10295000C101890001F5147101440431006802F0DD
:10296000FDFD08BD01F00F0101EBC101890010312F
:1029700001440431F2E72DE9F04F83B004460568C5
:10298000284603F05CF810B103B0BDE8F08F0646AE
:10299000206803F025F80028F6D005F50067BB682D
:1029A000C3F30D23C4F8D434206803F019F810F0F1
:1029B000020F04D02268536903F0020353612068B8
:1029C00003F00EF810F0100F16D02268936923F070
:1029D00010039361D5F8208008F00F0908F4F01374
:1029E000B3F5802F6AD0B3F5402F00F08D802268B8
:1029F000936943F010039361206802F0F1FF10F433
:102A0000002F40F09380206802F0EAFF10F4802F3E
:102A100040F0FC80206802F0E3FF0028C0F27D81D6
:102A2000206802F0DDFF10F4006F09D0BB6813F0DE
:102A3000010F40F08A812268536903F400635361F7
:102A4000206802F0CDFF10F0006F15D022685369A6
:102A500003F00063536194F8CC34002B40F079818B
:102A6000012184F8CC1423685B6DC3F38303C4F89D
:102A7000D034204600F0BCFA206802F0B1FF10F418
:102A8000805F40F06A81206802F0AAFF10F4005FC6
:102A900040F0B681206802F0A3FF10F0080F40F06C
:102AA000C781206802F09CFF10F0800F00F0DA81EF
:102AB000AB6923F08003AB610126C3E147F6F073F5
:102AC00018EA030F93D04FEA181A4FEAC90301938B
:102AD00009EBC90B04EB8B0BC8F30A12DBF860128D
:102AE000284602F0D3FEDBF86032CAF30A0A5344E8
:102AF000CBF86032DBF86832019A4A4404EB820278
:102B00005344C2F8683272E7082204F29C41284616
:102B100002F0BCFE09EBC90304EB8303D3F868227F
:102B2000C8F30A184244C3F8682260E7206802F03C
:102B30005BFF8046B14635E005EB49130122C3F83F
:102B4000082B49462046FFF7F1FC3CE005EB491312
:102B50000822C3F8082B49462046FFF769FD35E0F7
:102B600009EBC90304EB830393F85732012B41D0DF
:102B700005EB49130222C3F8082B1AF0200F04D0EA
:102B800005EB49132022C3F8082B1AF4005F05D087
:102B900005EB49134FF40052C3F8082B09F1010962
:102BA0004FEA5808B8F1000F3FF42DAF18F0010FAD
:102BB000F4D05FFA89FB5946206802F025FF82466F
:102BC00010F0010FB8D11AF0080FBFD11AF0100F92
:102BD00004D005EB49131022C3F8082B1AF0020F9A
:102BE000CBD06B6913F0800FBAD07B6843F480635D
:102BF0007B60B5E709EBC90304EB8303002283F88C
:102C000057225946204604F079FAB1E7206802F0CD
:102C1000F3FE8046B14625E05946204604F02AFAE4
:102C20001AF0080F04D005EB49130822C3F808294D
:102C30001AF0100F04D005EB49131022C3F808292D
:102C40001AF0400F04D005EB49134022C3F80829BD
:102C50001AF0020F40D11AF0800F59D109F1010981
:102C60004FEA5808B8F1000F3FF4D4AE18F0010F46
:102C7000F4D05FFA89FB5946206802F0CEFE824606
:102C800010F0010FCCD009F00F02012101FA02F27D
:102C90007B6B23EA02037B6305EB4913C3F8081936
:102CA000A3798B42B8D109EBC90304EB83031A6AF9
:102CB000D9690A441A62B9F1000FADD109EBC90311
:102CC00004EB83035B6A002BA6D104F29C42012132
:102CD000206802F0F7FE9FE74946284602F05AFABC
:102CE00009EBC90304EB8303DB7D012B05D005EB66
:102CF00049130222C3F80829ADE709EBC90304EB25
:102D000083030022DA755946204604F0FDF9EEE708
:102D100049462046FFF7FFFAA0E77B6823F001034E
:102D20007B6094F8CC34012B08D0204604F0E0F905
:102D30002268536903F00043536171E6002184F86F
:102D4000CC14204600F054F9F2E7204604F0B8F91C
:102D500071E6204604F0B4F98EE67B6823F00103A7
:102D60007B601021206802F015FA1AE005EB46138B
:102D70004FF67F31C3F80819D3F8002922F4001266
:102D8000C3F80029C3F8081BD3F8002B22F4001263
:102D9000C3F8002BD3F8002B42F00062C3F8002BDD
:102DA00001362379B342E1D8FB6943F00113FB619B
:102DB000E37BDBB1D7F8843043F00B03C7F88430F2
:102DC0007B6C43F00B037B64D5F8003823F4FE637F
:102DD000C5F8003804F29C42A179206802F072FE26
:102DE0002268536903F4805353614CE67A6942F2D6
:102DF0002B0313437B613B6943F00B033B61E3E728
:102E0000206802F051FE206802F0DAFAE0712668CC
:102E100000F070FE0146E279304602F03DF92046AE
:102E200004F039F92268536903F40053536131E621
:102E3000204604F02AF92268536903F0080353611D
:102E40002FE601362379B3420CD906EBC60304EB17
:102E5000830393F85732012BF3D1F1B22046FFF7E9
:102E600070FDEEE7206802F0BBFD10F4801F25D155
:102E7000206802F0B5FD10F4001F58D0012326E0B1
:102E800001362379B3421BD905EB4613D3F8002949
:102E900006EBC60304EB83031B7E012BF0D1002A53
:102EA000EEDA06EBC60304EB83030122DA7566F063
:102EB0007F01C9B22046FFF744FDE1E70126E0E7C4
:102EC0002268536903F480135361D1E701332279F7
:102ED0009A4227D905EB4312D2F8001B03EBC30239
:102EE00004EB820292F85822012AEFD10029EDDA90
:102EF000D4F8D42482EA114212F0010FE6D103EB98
:102F0000C30204EB8202012182F85712AA6942F03F
:102F10008002AA616A6912F0800FD7D17B6843F4FE
:102F200000737B602268536903F4001353612068C7
:102F300002F056FD10F0804F10D1206802F050FDD5
:102F400010F0040F3FF420AD23685D6815F0040F06
:102F50000DD1226853682B43536015E5204604F0D9
:102F6000D9F82268536903F080435361E5E72046AE
:102F700004F0D6F8EDE710B40468606A29B940EAB5
:102F80000240A062002010BC70478C46A36A00EB90
:102F90001340002308E003F1400104EB810149687C
:102FA00000EB11400133DBB20CF1FF318B42F2D365
:102FB00040EA02400CF13F0104EB81046060E1E76C
:102FC0000368596200207047034602680121C0F877
:102FD000D814002083F8CC04936943F00063936114
:102FE000516D024B0B435365704700BF0300001047
:102FF00070470000134BDB6813F0040F07D1114B2F
:10300000DB6803F0070383421AD00120704710B534
:103010000C4AD36823F007030343D360FEF76AFF2B
:103020000446084B5B6813F4005F07D1FEF762FFAC
:10303000001BB0F57A7FF4D9012000E0002010BD1C
:103040000020704700480258024AD36843F080735A
:10305000D360704700480258002800F0D58238B588
:103060000446036813F0010F25D0A04A136903F04A
:103070003803926A102B15D0182B0FD06368B3F564
:10308000803F3FD0002B53D1984B1A6822F48032F6
:103090001A601A6822F480221A6038E002F00302F3
:1030A000022AEBD1914B1B6813F4003F03D06368F5
:1030B000002B00F0AB82236813F0020F00F0888031
:1030C0008A4A1369926A13F038035AD0182B55D0E4
:1030D000E368002B00F0A98084490A6822F01902F5
:1030E00013430B60FEF706FF0546804B1B6813F089
:1030F000040F40F09180FEF7FDFE401B0228F4D93A
:1031000003208AE2794A136843F4803313606368CA
:103110002BB3FEF7EFFE0546744B1B6813F4003F1C
:10312000C9D1FEF7E7FE401B6428F5D9032074E2FD
:10313000B3F5A02F09D06D4B1A6822F480321A60C3
:103140001A6822F480221A60E1E7684B1A6842F498
:1031500080221A601A6842F480321A60D7E7FEF7BC
:10316000C9FE0546614B1B6813F4003FA3D0FEF770
:10317000C1FE401B6428F5D903204EE212F0030F74
:10318000A6D15A4B1B6813F0040F03D0E368002B41
:1031900000F03E82554A136823F01903E1680B439F
:1031A0001360FEF7A7FE0546504B1B6813F0040F93
:1031B00006D1FEF79FFE401B0228F5D903202CE222
:1031C0004A4A536823F0FE43216943EA016353608E
:1031D000236813F0100F51D0444A136903F03803E9
:1031E000926A082B39D0182B33D0E369002B69D0B1
:1031F0003E4A136843F080031360FEF77BFE0546EA
:103200003A4B1B6813F4807F53D1FEF773FE401BCB
:103210000228F5D9032000E2344A536823F0FE4324
:10322000216943EA01635360D2E7304A136823F00F
:1032300001031360FEF75EFE05462C4B1B6813F07E
:10324000040FC5D0FEF756FE401B0228F5D9032017
:10325000E3E102F00302012AC7D1244B1B6813F4F7
:10326000807F03D0E369802B40F0D4811F4AD3686C
:1032700023F07C53216A43EA0163D360236813F08F
:10328000080F49D06369002B32D0184A536F43F0BE
:1032900001035367FEF72EFE0546144B5B6F13F0D8
:1032A000020F39D1FEF726FE401B0228F5D9032074
:1032B000B3E10E4AD36823F07C53216A43EA0163E9
:1032C000D360DBE7094A136823F080031360FEF73D
:1032D00011FE0546054B1B6813F4807FCED0FEF728
:1032E00009FE401B0228F5D9032096E1004402584C
:1032F0009D4A536F23F001035367FEF7FBFD05461C
:10330000994B5B6F13F0020F06D0FEF7F3FD401BE5
:103310000228F5D9032080E1236813F0200F29D07B
:10332000A3699BB1904A136843F480531360FEF77E
:10333000E1FD05468C4B1B6813F4005F1AD1FEF7C4
:10334000D9FD401B0228F5D9032066E1864A13689F
:1033500023F480531360FEF7CDFD0546824B1B68B6
:1033600013F4005F06D0FEF7C5FD401B0228F5D917
:10337000032052E1236813F0040F21D1636A002B6C
:1033800000F04A81784A126902F03802182A00F0E7
:10339000F180022B75D0744A136823F08073136098
:1033A000FEF7A8FD0446704B1B6813F0007F00F089
:1033B000D880FEF79FFD001B0228F4D903202CE1E2
:1033C0006A4A136843F480731360FEF793FD054661
:1033D000664B1B6813F4807F06D1FEF78BFD401B04
:1033E0006428F5D9032018E1A368012B0AD00BBB90
:1033F0005D4B1A6F22F001021A671A6F22F0040265
:103400001A6704E0584A136F43F001031367A36877
:1034100033B3FEF76FFD0546534B1B6F13F0020FDE
:10342000ACD1FEF767FD401B41F288339842F3D9D7
:103430000320F2E0052B09D04B4B1A6F22F001025A
:103440001A671A6F22F004021A67E0E7464B1A6FF8
:1034500042F004021A671A6F42F001021A67D6E7B7
:10346000FEF748FD0546404B1B6F13F0020F85D059
:10347000FEF740FD401B41F288339842F3D9032008
:10348000CBE0394A136823F080731360FEF732FDF6
:103490000546354B1B6813F0007F06D0FEF72AFD6A
:1034A000401B0228F5D90320B7E02F4B996A304A18
:1034B0000A40A16AE06A41EA00110A439A62226B5B
:1034C000013AC2F30802616B0139490289B20A4329
:1034D000A16B0139090401F4FE010A43E16B0139D2
:1034E000090601F0FE410A431A63DA6A22F001027A
:1034F000DA625A6B6FF3CF02A16C42EAC1025A63DF
:10350000DA6A22F00C02216C0A43DA62DA6A22F0EB
:103510000202616C0A43DA62DA6A42F48032DA62E9
:10352000DA6A42F40032DA62DA6A42F48022DA625B
:10353000DA6A42F00102DA621A6842F080721A60B6
:10354000FEF7D8FC0446084B1B6813F0007F06D139
:10355000FEF7D0FC001B0228F5D903205DE0002017
:103560005BE0002059E000BF0044025800480258C8
:103570000CFCFFFF30498A6A086B012B4ED002F029
:103580000303A16A8B424BD1C2F30512E36A9A424C
:1035900048D1C0F30802236B013B9A4244D1C0F3E7
:1035A0004622636B013B9A4240D1C0F30642A36BB3
:1035B000013B9A423CD1C0F30660E36B013B984269
:1035C00038D11D4B5B6BC3F3CC03A26C9A4201D183
:1035D000002022E0184AD36A23F00103D362FEF7E9
:1035E00089FC0546FEF786FCA842FBD0124A536BC5
:1035F0006FF3CF03A16C43EAC1035363D36A43F073
:103600000103D362002008E001207047012004E09C
:10361000012002E0012000E0002038BD0120FCE78D
:103620000120FAE70120F8E70120F6E70120F4E79E
:103630000120F2E70120F0E700440258F8B5814B81
:103640001B6903F03803102B00F0F480182B0FD007
:10365000002B40F0F2807B4B1B6813F0200F00F032
:10366000EE80784B1B68C3F3C103774CDC40E2E08B
:10367000744B9D6A05F003059C6AC4F30514D86A6F
:1036800000F001005B6BC3F3CC0303FB00F0FCF71D
:10369000EDFE0646002C00F0CE80012D56D0022D06
:1036A00000F08480002D40F0A380664B1B6813F06F
:1036B000200F29D0634F3B68C3F3C1036248D84051
:1036C000FCF7D4FE05462046FCF7D0FE014628460E
:1036D000FCF7D8FF0446386BC0F30800FCF7C6FEC1
:1036E00005464FF064513046FCF718FF0146284666
:1036F000FCF70CFE4FF07E51FCF708FE0146204619
:10370000FCF70CFF044642E02046FCF7AFFE014602
:103710004E48FCF7B7FF04464A4B186BC0F308004D
:10372000FCF7A4FE05464FF064513046FCF7F6FE68
:1037300001462846FCF7EAFD4FF07E51FCF7E6FD16
:1037400001462046FCF7EAFE044620E02046FCF74E
:103750008DFE01463E48FCF795FF0446394B186B39
:10376000C0F30800FCF782FE05464FF06451304676
:10377000FCF7D4FE01462846FCF7C8FD4FF07E5109
:10378000FCF7C4FD01462046FCF7C8FE04462D4B5D
:103790001B6BC3F34623581CFCF768FE014620460A
:1037A000FCF770FFFDF70AF8044644E02046FCF7FA
:1037B0005DFE01462748FCF765FF0446214B186B68
:1037C000C0F30800FCF752FE05464FF06451304646
:1037D000FCF7A4FE01462846FCF798FD4FF07E5109
:1037E000FCF794FD01462046FCF798FE0446CEE720
:1037F0002046FCF73BFE01461548FCF743FF044614
:10380000104B186BC0F30800FCF730FE05464FF074
:1038100064513046FCF782FE01462846FCF776FDEF
:103820004FF07E51FCF772FD01462046FCF776FE14
:103830000446ACE7084C2046F8BD084CFBE7024CB8
:10384000F9E700BF004402580090D0030024744CF4
:103850000024744A0024744B0024F40000093D0045
:10386000002800F0328170B50D4604469B4B1B6862
:1038700003F00F038B420BD2984A136823F00F0317
:103880000B431360136803F00F038B4240F01F815A
:10389000236813F0040F0CD02269914B9B6903F04D
:1038A00070039A4205D98E498B6923F070031A433D
:1038B0008A61236813F0080F0CD06269884BDB69BA
:1038C00003F070039A4205D98549CB6923F0700350
:1038D0001A43CA61236813F0100F0CD0A269804B01
:1038E000DB6903F4E0639A4205D97D49CB6923F48F
:1038F000E0631A43CA61236813F0200F0CD0E26919
:10390000774B1B6A03F070039A4205D974490B6A1E
:1039100023F070031A430A62236813F0020F0CD0DD
:10392000E2686F4B9B6903F00F039A4205D96C491B
:103930008B6923F00F031A438A61236813F0010F88
:1039400041D0674A936923F47063A1680B43936184
:103950006368022B0AD0032B27D0012B2CD0604A9E
:10396000126812F0040F06D10120ADE0126812F4C3
:10397000003F00F0AE805A490A6922F00702134363
:103980000B61FEF7B7FA0646554B1B6903F0380387
:103990006268B3EBC20F16D0FEF7ACFA801B41F29F
:1039A00088339842F0D903208EE04D4A126812F015
:1039B000007FE0D1012087E0494A126812F4807F3D
:1039C000D9D1012080E0236813F0020F0CD0E26807
:1039D000434B9B6903F00F039A4205D240498B6920
:1039E00023F00F031A438A613C4B1B6803F00F035B
:1039F000AB420AD9394A136823F00F032B431360F3
:103A0000136803F00F03AB4265D1236813F0040F72
:103A10000CD02269324B9B6903F070039A4205D2A5
:103A20002F498B6923F070031A438A61236813F0CE
:103A3000080F0CD062692A4BDB6903F070039A42CD
:103A400005D22749CB6923F070031A43CA61236862
:103A500013F0100F0CD0A269214BDB6903F4E06373
:103A60009A4205D21E49CB6923F4E0631A43CA6126
:103A7000236813F0200F0CD0E269194B1B6A03F086
:103A800070039A4205D216490B6A23F070031A4359
:103A90000A62FFF7D3FD12498B69C3F30323114A6E
:103AA000D35C03F01F03D8408B6903F00F03D35C92
:103AB00003F01F0320FA03F30B4A13600B4B18604B
:103AC0000B4B1868FEF7B4F970BD01207047012058
:103AD000FAE70120F8E70120F6E700BF00200052D6
:103AE0000044025898D50008000000240400002477
:103AF0000C00002408B5FFF7A1FD0B4A9369C3F33E
:103B000003230A49CB5C03F01F0320FA03F39269F5
:103B100002F00F02885C00F01F0023FA00F0044A54
:103B20001060044A136008BD0044025898D500088C
:103B30000000002404000024404B9B6A03F00303B0
:103B4000032B79D070B505460E463C4A136823F026
:103B500080631360FEF7CEF90446384B1B6813F000
:103B6000006F06D0FEF7C6F9031B022BF5D9032020
:103B700070BD324B9A6A22F47C32296842EA0132E3
:103B80009A626A68013AC2F30802A96801394902D7
:103B900089B20A43E9680139090401F4FE010A43C4
:103BA00029690139090601F0FE410A439A63DA6A7C
:103BB00022F0C00269690A43DA62DA6A22F020025E
:103BC000A9690A43DA62DA6A22F01002DA62DA6B71
:103BD0006FF3CF02E96942EAC102DA63DA6A42F0BE
:103BE0001002DA62C6B91A46DB6A43F40023D362D4
:103BF000124A136843F080631360FEF77BF90446B2
:103C00000E4B1B6813F0006F14D1FEF773F9001B05
:103C10000228F5D90320ABE7012E05D0074AD36A65
:103C200043F40013D362E3E7044AD36A43F48013F6
:103C3000D362DDE700209BE7012070470044025873
:103C4000404B9B6A03F00303032B79D070B5054604
:103C50000E463C4A136823F080531360FEF74AF97E
:103C60000446384B1B6813F0005F06D0FEF742F99C
:103C7000031B022BF5D9032070BD324B9A6A22F048
:103C80007C72296842EA01529A626A68013AC2F378
:103C90000802A9680139490289B20A43E968013971
:103CA000090401F4FE010A4329690139090601F0FA
:103CB000FE410A431A64DA6A22F4406269690A43DF
:103CC000DA62DA6A22F40072A9690A43DA62DA6A0D
:103CD00022F48072DA625A6C6FF3CF02E96942EA29
:103CE000C1025A64DA6A42F48072DA62C6B91A46CC
:103CF000DB6A43F48003D362124A136843F08053B3
:103D00001360FEF7F7F804460E4B1B6813F0005FD4
:103D100014D1FEF7EFF8001B0228F5D90320ABE71A
:103D2000012E05D0074AD36A43F08073D362E3E7DC
:103D3000044AD36A43F40003D362DDE700209BE723
:103D40000120704700440258F8B50446036813F098
:103D5000006F2FD0436EB3F5001F25D015D8E3B107
:103D6000B3F5801F0ED102210830FFF7E5FE0546AE
:103D700075BB934A136D23F44013616E0B431365B7
:103D8000002619E00126354616E0B3F5401F01D1A3
:103D90000025EEE7012635460EE0894AD36A43F452
:103DA0000033D3620025E4E702212830FFF748FF03
:103DB0000546DDE700263546236813F4807F29D0C9
:103DC000A36D042B22D8DFE803F005131A0A0A00BA
:103DD0002E46F1E77A4AD36A43F40033D362C5B979
:103DE000774A136D23F00703A16D0B43136511E0B0
:103DF000002104F10800FFF79FFE0546EFE70021D0
:103E000004F12800FFF71CFF0546E8E701263546C8
:103E100000E02E46236813F4806F2DD0D4F8A43030
:103E2000B3F5800F3DD00DD8C3B1B3F5001F06D157
:103E3000002104F10800FFF77FFE054613E001268C
:103E4000354619E0B3F5000F0DD0B3F5200F0AD0B9
:103E5000B3F5C00F07D0012635460DE0584AD36AA6
:103E600043F40033D3621DBB554A936D23F46003C2
:103E7000D4F8A4100B439365236813F4006F37D074
:103E8000D4F8A830B3F1007F5ED016D80BB3B3F1ED
:103E9000807F0FD1002104F10800FFF74DFE054699
:103EA0001CE0002104F12800FFF7CAFE0546DAE70E
:103EB0002E46E1E7012635461AE0B3F1806F0DD0BA
:103EC000B3F1A06F0AD0B3F1407F07D00126354689
:103ED0000EE03B4AD36A43F40033D362002D3AD15B
:103EE000374A936D23F0E063D4F8A8100B43936531
:103EF000236813F0007F13D0E36C202B35D02FD82C
:103F000033B1102B29D12E4AD36A43F40033D36244
:103F100095BB2B4AD36C23F03003E16C0B43D36485
:103F2000236813F4805F4ED0E36DB3F5005F3FD09C
:103F300027D87BB3B3F5805F20D1002104F10800BE
:103F4000FFF7FAFD05462AE0002104F12800FFF7FB
:103F500077FE0546C2E72E46CAE701263546DFE76B
:103F6000302BD5D001263546DAE7022104F10800CE
:103F7000FFF7E2FD0546CBE72E46D1E701263546A1
:103F800021E0B3F5405F0AD0B3F5804F07D001269A
:103F9000354618E00A4AD36A43F40033D3628DB938
:103FA000074A136D23F4E043E16D0B4313650AE008
:103FB000002104F12800FFF743FE0546EFE700BFAC
:103FC000004402582E46236813F4005F17D0236E76
:103FD000B3F5003F4FD042D843B1B3F5803F3BD15A
:103FE000012104F10800FFF7A7FD0546002D49D186
:103FF000924A136D23F4E023216E0B43136523686B
:1040000013F4804F19D0D4F8AC30B3F1005F4AD02C
:104010003DD843B1B3F1805F36D1012104F10800EE
:10402000FFF78AFD0546002D44D1844A936D23F0A5
:10403000E043D4F8AC100B439365236813F4004FAE
:1040400047D0E36EB3F1805F36D0B3F1005F4BD061
:10405000BBB3012635463CE001263546CFE7B3F534
:10406000802FC3D0B3F5A02FC0D0B3F5403FBDD053
:1040700001263546C3E7012104F12800FFF7E0FDE2
:104080000546B3E72E46BAE701263546D5E7B3F134
:10409000804FC8D0B3F1A04FC5D0B3F1405FC2D0BC
:1040A00001263546C9E7012104F12800FFF7C8FDC4
:1040B0000546B8E72E46C0E7604AD36A43F40033AA
:1040C000D362C5B95D4A136D23F04053E16E0B43D3
:1040D0001365236813F0807F1CD0A36C032B44D896
:1040E000DFE803F0100B3C10012104F10800FFF79A
:1040F00023FD0546E5E72E46EBE7504AD36A43F435
:104100000033D362A5BB4D4AD36C23F00303A16CEB
:104110000B43D364236813F4800F2BD1236813F06F
:10412000010F00F0A980A36F282B00F2A380DFE825
:1041300003F091A1A1A1A1A1A1A18BA1A1A1A1A1E4
:10414000A1A19AA1A1A1A1A1A1A191A1A1A1A1A176
:10415000A1A191A1A1A1A1A1A1A19100022104F17C
:104160000800FFF7E9FC0546CCE701263546D1E714
:104170002E46CFE7324A136843F480731360FDF78D
:10418000B9FE07462E4B1B6813F4807F05D1FDF75F
:10419000B1FEC01B6428F5D90325002D4AD1274B59
:1041A0001B6FD4F8B020534013F4407F0CD0234B46
:1041B0001A6F22F44072196F41F480311967196F38
:1041C00021F4803119671A67D4F8B030B3F5807FD5
:1041D00015D08DBBD4F8B03003F44072B2F5407FF7
:1041E0001ED0164A136923F47C53136113490B6FD5
:1041F000D4F8B020C2F30B0213430B678EE7FDF730
:1042000079FE07460D4B1B6F13F0020FE1D1FDF74E
:1042100071FEC01B41F288339842F3D90325D8E7D9
:104220000648026922F47C52064901EA131313433B
:104230000361DBE72E4671E72E466FE70044025824
:1042400000480258CFFFFF00012104F10800FFF7EA
:1042500073FC0546E5B9B14A536D23F03803A16FED
:104260000B43536508E0012104F12800FFF7E8FC47
:104270000546EFE701263546236813F0020F17D0F5
:10428000636F052B29D8DFE803F00B05210B0B0B1F
:104290002E46F1E7012104F10800FFF74DFC054629
:1042A000F5B99E4A536D23F00703616F0B435365C5
:1042B000236813F0040F26D0D4F89030052B00F2B9
:1042C000D680DFE803F0150FCD151515012104F197
:1042D0002800FFF7B5FC0546E2E701263546E7E78B
:1042E0002E46E5E7012104F10800FFF725FC05460D
:1042F000002D40F0BF80894A936D23F00703D4F866
:1043000090100B439365236813F0200F1DD0D4F851
:104310008C30B3F1005F00F0C18000F2B0804BB18F
:10432000B3F1805F40F0A880002104F10800FFF79E
:1043300003FC0546002D40F0B880784A536D23F009
:10434000E043D4F88C100B435365236813F0400FFF
:104350001DD0D4F89830B3F5006F00F0BA8000F2A9
:10436000A9804BB1B3F5806F40F0A180002104F12A
:104370000800FFF7E1FB0546002D40F0B180674AD9
:10438000936D23F4E053D4F898100B43936523689E
:1043900013F0800F1DD0D4F89C30B3F5804F00F09F
:1043A000B38000F2A2804BB1B3F5005F40F09A8079
:1043B000002104F10800FFF7BFFB0546002D40F087
:1043C000AA80564A936D23F46043D4F89C100B43A3
:1043D0009365236813F0080F0DD0D4F88030B3F53F
:1043E000805F00F09D804D4A536D23F44053D4F814
:1043F00080100B435365236813F0100F0DD0D4F8D1
:104400009430B3F5807F00F09580444A936D23F497
:104410004073D4F894100B439365236813F4002F72
:1044200000F09D80D4F8A030B3F5803F00F08C8080
:10443000B3F5003F08D0002B40F08D80002104F13F
:104440000800FFF779FB0546002D40F08780334ACE
:10445000936D23F44033D4F8A0100B4393657EE0B2
:10446000012104F12800FFF7EBFB054640E7012698
:10447000354648E72E4646E70126354665E7B3F15F
:10448000804F3FF457AFB3F1A04F3FF453AFB3F1B8
:10449000405F3FF44FAF0126354656E7022104F155
:1044A0002800FFF7CDFB054644E72E464DE70126E1
:1044B00035466CE7B3F5805F3FF45EAFB3F5A05FC0
:1044C0003FF45AAFB3F5406F3FF456AF012635467F
:1044D0005DE7022104F12800FFF7B2FB05464BE738
:1044E0002E4654E70126354673E7B3F5004F3FF4F7
:1044F00065AFB3F5204F3FF461AFB3F5C04F3FF464
:104500005DAF0126354664E7022104F12800FFF77C
:1045100097FB054652E72E465BE700BF0044025872
:10452000022104F12800FFF78BFB00283FF45BAF6A
:10453000012658E7022104F12800FFF781FB00283B
:104540003FF463AF012660E7022104F12800FFF782
:1045500077FB054678E70126354600E02E462368BE
:1045600013F4802F24D0D4F88430B3F5001F14D076
:10457000B3F5401F07D0B3F5801F15D17C4AD36A2D
:1045800043F40033D36295B9794A536D23F4401351
:10459000D4F884100B4353650AE0012104F128008C
:1045A000FFF74EFB0546EEE70126354600E02E46B6
:1045B000236813F4803F06D0236DCBB1B3F5803F61
:1045C00024D001263546236813F0005F27D12368E5
:1045D00013F4003F3DD0E36FB3F5807F2BD027D994
:1045E000B3F5007F2CD0B3F5407F29D0012630E011
:1045F0005F4AD36A43F40033D36275B95C4AD36C23
:1046000023F48033216D0B43D364DCE7022104F1F2
:104610000800FFF791FA0546EFE72E46D3E702219F
:1046200004F12800FFF70CFB0028D0D00126CEE7CC
:1046300033B101260DE04E4AD36A43F40033D3620E
:10464000002D5CD14A4A536D23F44073E16F0B4354
:104650005365236813F4801F06D0454A136D23F079
:104660000043216F0B431365236813F4001F06D02A
:104670003F4A136D23F08073A16E0B4313652368CB
:1046800013F0804F09D03A4B1A6922F400421A61A4
:104690001A69D4F8B4100A431A612368002B06DAA9
:1046A000334AD36C23F04053616D0B43D3642368CA
:1046B00013F4000F07D02E4A536D23F44003D4F8AF
:1046C00088100B435365636813F0010F19D16368B9
:1046D00013F0020F1ED1636813F0040F23D1636837
:1046E00013F0080F28D1636813F0100F2DD1636801
:1046F00013F0200F32D106B101263046F8BD2E4608
:10470000A7E7002104F10800FFF716FA0028DED021
:104710000646DCE7012104F10800FFF70DFA002846
:10472000D9D00646D7E7022104F10800FFF704FAC2
:104730000028D4D00646D2E7002104F12800FFF774
:104740007FFA0028CFD00646CDE7012104F12800EA
:10475000FFF776FA0028CAD00646C8E7022104F11E
:104760002800FFF76DFA0028C5D00126C5E700BF75
:1047700000440258C36B5B09C0680830C00803FBE3
:1047800000007047002800F0B78070B50446002391
:10479000836205685C4B5D4E9D4218BFB54214BFF5
:1047A0000126002607D0A3F574439D4203D0C368B9
:1047B0000F2B00F2A3802046FFF7DCFF2EB1544BF5
:1047C0009D4202D0082800F29B804F4A4F4B9D42E9
:1047D00018BF954203D003F580639D4202D1102893
:1047E00000F2908094F88130F3B1022384F8813094
:1047F0002268136823F00103136023689A6802F4A7
:10480000F812A169B1F1806F14D0636813F4800FBE
:1048100023D0E368062B20D921680B6823F480732A
:10482000206D03430B601DE084F880302046FDF7C7
:10483000E3F8DAE76168B1F5800F06D00029E4D12A
:10484000A16BB1F1805FE0D102E0A06B0028F5D14F
:10485000196841F480511960D7E721680B6823F487
:1048600080730B60E369A16A0B431343E26B13434C
:10487000E16822680B439360636B626A1343A26B27
:104880001343A26913432269134362691343226AE3
:10489000134362681343E26C1343A2681343A26C90
:1048A0001343A16D22680B43D36063686BB9226820
:1048B000936823F4C05343F40063936022689368C1
:1048C00023F4C06343F4806393602268136D23F084
:1048D00001031365636813F4800F06D02268D36860
:1048E00023F00043616D0B43D3600020C4F88400C3
:1048F000012384F8813070BD012070470120FAE760
:104900000120F8E70120F6E70030014000380040C0
:10491000003C0040F0B4026A036A23F00103036222
:10492000466884691E4B23400D681D4322F0020235
:104930008B6813431B4A1C4CA04218BF90420CBF0B
:10494000012200220CD004F58044A04214BF0024B0
:104950000124164FB84203D014B9154CA04205D11A
:1049600023F00803CC68234323F004035AB9114A07
:10497000904214BF002201220C4CA04203D012B975
:104980000B4A904205D126F440764A6932438E693B
:104990001643466085614A6842630362F0BC704713
:1049A0008CFFFEFF00000140000401400040014078
:1049B000004801400044014070B4036A026A22F4D6
:1049C000807202624568C4691A4A22400E68164322
:1049D00023F400738A6843EA0223174A174CA04263
:1049E00018BF90420CBF0122002206D123F40063BD
:1049F000CC6843EA042323F480635AB9104A9042F6
:104A000014BF002201220F4CA04203D012B90E4A5B
:104A1000904207D125F440524C6942EA04128C6955
:104A200042EA04154560C6614A68C263036270BC0D
:104A3000704700BF8CFFFEFF0000014000040140F2
:104A400000440140004001400048014070B4036A46
:104A5000026A22F4805202624468C569144A2A40FC
:104A60000D6842EA052223F400538D6843EA0533BA
:104A7000104E114DA84218BFB0420DD005F580452B
:104A8000A84214BF0025012506F58046B04203D098
:104A900015B90A4DA84204D124F480444D6944EA72
:104AA00085144460C2614A680264036270BC704746
:104AB000FF8CFFFE0000014000040140004801405F
:104AC00070B4036A026A22F4803202624268456D61
:104AD000144E2E400D682E4323F400338C6843EAB5
:104AE0000443114D114CA04218BFA8420DD004F54B
:104AF0008044A04214BF0024012405F58045A8424B
:104B000003D014B90A4CA04204D122F480324C697B
:104B100042EA0422426046654A688265036270BCCC
:104B2000704700BF8FFFFEFF0000014000040140FE
:104B30000048014070B4036A026A22F480120262E3
:104B40004468456D144A2A400D6842EA052223F460
:104B500000138D6843EA0553104E114DA84218BF4B
:104B6000B0420DD005F58045A84214BF00250125AF
:104B700006F58046B04203D015B90A4DA84204D1CB
:104B800024F480244D6944EA8524446042654A68DF
:104B9000C265036270BC7047FF8FFFFE00000140DA
:104BA000000401400048014070B403683E4A90424E
:104BB00014BF00220122B0F1804F14BF144642F00E
:104BC0000104ACB9394DA84214BF00250125384E67
:104BD000B0420DD065B905F1804505F58235A84292
:104BE00014BF0025012506F50066B04200D01DB1B6
:104BF00023F070034D682B4364BB2C4CA04214BFC0
:104C0000002401242A4DA84224D01CBB04F1804476
:104C100004F58234A04214BF0024012405F5006588
:104C2000A84217D0B4B9234CA04214BF00240124D9
:104C300005F59A35A8420DD064B91F4CA04214BFA7
:104C40000024012405F50065A84203D014B91B4CCB
:104C5000A04203D123F44073CC68234323F08003A4
:104C60004C6923438C68C4620C688462144CA04273
:104C700008BF42F0010262B90E4A904214BF0022FE
:104C8000012204F57054A04203D012B90D4A90429B
:104C900001D10A690263026842F004020260012243
:104CA0004261036070BC7047000001400008004092
:104CB000000400400044014000E0004000E40040E7
:104CC000000401400048014060B310B5044690F86C
:104CD0003D3013B3022384F83D30214651F8040BD4
:104CE000FFF762FF012384F8483084F83E3084F8EF
:104CF0003F3084F8403084F8413084F8423084F802
:104D0000433084F8443084F8453084F8463084F8E1
:104D1000473084F83D30002010BD80F83C30FCF76F
:104D2000C3FFD7E70120704770B4036A026A22F01C
:104D300010020262456884691A4E26400C6846EAF1
:104D4000042623F020038A6843EA0213164A174C0C
:104D5000A04218BF90420CBF0122002206D123F0CE
:104D60008003CC6843EA041323F040035AB9104A85
:104D7000904214BF002201220E4CA04203D012B96F
:104D80000D4A904207D125F4406C4A694CEA820CE6
:104D90008A694CEA8205456086614A6882630362DB
:104DA00070BC7047FF8CFFFE000001400004014012
:104DB00000440140004001400048014038B590F8EF
:104DC0003C30012B00F0958004460D46012380F80D
:104DD0003C30142A00F28880DFE802F00B868686D9
:104DE0001F86868634868686488686865D86868683
:104DF00071000068FFF78EFD2268936943F0080395
:104E000093612268936923F0040393612268936994
:104E100029690B439361002067E00068FFF784FF76
:104E20002268936943F4006393612268936923F4D1
:104E30008063936122689369296943EA012393613E
:104E4000002052E00068FFF7B7FD2268D36943F005
:104E50000803D3612268D36923F00403D361226875
:104E6000D36929690B43D36100203EE00068FFF756
:104E7000EDFD2268D36943F40063D3612268D369EE
:104E800023F48063D3612268D369296943EA01234B
:104E9000D361002029E00068FFF712FE2268536DFD
:104EA00043F0080353652268536D23F004035365F0
:104EB0002268536D29690B435365002015E0006893
:104EC000FFF738FE2268536D43F400635365226890
:104ED000536D23F4806353652268536D296943EA57
:104EE00001235365002000E00120002384F83C30BA
:104EF00038BD0220FCE7000090F83C20012A4DD08C
:104F000070B40346012280F83C20022280F83D2044
:104F1000026850689468224E224DAA4218BFB242DD
:104F200003D120F470004D68284320F070000D6814
:104F3000284350601A681A48B2F1804F18BF824265
:104F40001FD0A0F57C4082421BD000F580608242D9
:104F500017D000F58060824213D000F5784082427D
:104F60000FD0A0F56C4082420BD000F59430824205
:104F700007D0A0F5C040824203D000F58060824295
:104F800004D124F08004896821439160012283F8D0
:104F90003D20002083F83C0070BC70470220704721
:104FA000000001400004014082B000230193019BF6
:104FB00001330193019BB3F1706F15D80369002B86
:104FC000F5DA00230193036943F001030361019BB8
:104FD00001330193019BB3F1706F08D8036913F09B
:104FE000010FF4D1002000E0032002B0704703203D
:104FF000FBE7000084B010B5044603A880E80E006B
:105000009DF81130012B1FD1A36B23F48033A363D0
:10501000E2681F4B1340E360E36823F44013E3604E
:105020009DF81830012B0AD02046FFF7BDFF9DF8F0
:105030000E30012B1CD0BDE8104004B07047E3686F
:1050400043F48013E360EFE7E36843F04003E36079
:105050002046FFF7A9FF9DF8153023B9A36B43F451
:105060008033A363E3E7A36B23F48033A363DEE71A
:10507000E36D9BB2E365E26D064B1343E365A36802
:1050800043F00603A360A36843F02003A360D2E7C4
:10509000BFFFBDFF0000EE03022A0AD00922C36849
:1050A00023F47053C360C36843EA8223C3600020C3
:1050B0007047204B0B44204A934229D91F4B0B4485
:1050C0001F4A934226D91F4B0B441F4A934223D9B0
:1050D0001E4B0B441E4A934220D31E4B0B441E4AC8
:1050E00093421DD91D4B0B441D4A93421AD31D4BAD
:1050F0000B441D4A934217D31C4B0B441C4A93424A
:1051000014D31C4B0B441C4A934211D20722C6E70E
:105110000F22C4E70E22C2E70D22C0E70C22BEE731
:105120000B22BCE70A22BAE70922B8E70822B6E751
:105130000622B4E7405327FFFF340C00401E1BFF3C
:105140003F420F0000DC0BFF7F4F1200808CF9FE06
:1051500020D6130060B6E5FE5FE3160000D3CEFE56
:1051600040771B00C05BB3FEC091210000CA91FED6
:1051700020753800E05459FEE09C4100836843F0FC
:105180000103836000207047836823F0010383607C
:105190000020704782B000230193019B01330193EB
:1051A000019BB3F1706F15D80369002BF5DA00236A
:1051B0000193890141F020010161019B01330193B9
:1051C000019BB3F1706F08D8036913F0200FF4D17D
:1051D000002000E0032002B070470320FBE782B00C
:1051E00000230193019B01330193019BB3F1706F85
:1051F00013D80369002BF5DA002301931023036110
:10520000019B01330193019BB3F1706F08D80369CF
:1052100013F0100FF4D1002000E0032002B070471B
:105220000320FBE7D0F800381943C0F8001800202D
:105230007047000084B0F8B5044607A880E80E0067
:10524000002306E003F1400204EB820200215160DA
:1052500001330E2BF6D99DF8266006BBD4F804382E
:1052600043F00203C4F80438A36B23F40013A363D0
:10527000236843F040032360236843F080032360E6
:105280000023C4F8003E9DF82130012B11D19DF878
:105290001F304BB900212046FFF7C4FF0DE0A36B80
:1052A00043F40013A363EBE701212046FFF7BAFFA5
:1052B00003E003212046FFF7B5FF10212046FFF74A
:1052C00069FF054600B101252046FFF788FF00B1C0
:1052D000012504F5006C0023CCF81030CCF8143014
:1052E000CCF81C300AE0CBB94FF00060C2F80009DE
:1052F00000220A614FF67F328A6001339DF81C104C
:10530000994210D904EB431202F51061D2F800095A
:105310000028E8DB0020C2F80009E9E74FF09040E0
:10532000C2F80009E4E700230AE0BBB14FF0904760
:10533000C2F8007B002202614FF67F3282600133A7
:10534000994210D904EB431202F53060D2F8007B89
:10535000002FEADB0027C2F8007BEBE74FF0006785
:10536000C2F8007BE6E7DCF8103023F48073CCF859
:1053700010300023A3616FF0804363619DF81E30FD
:105380001BB9A36943F01003A361A2690A4B13433D
:10539000A3619DF822301BB1A36943F00803A36108
:1053A000012E04D02846BDE8F84004B07047A26939
:1053B000024B1343A361F5E700383C800400004032
:1053C000D0F8083803F00603022B04D0062B04D0D3
:1053D0002BB90020704702207047022070470F2031
:1053E0007047000010B591F800C04B78012B21D018
:1053F00000F5006ED0F81C380CF00F040122A2401A
:1054000043EA0243C0F81C3800EB4C10D0F8003BD4
:1054100013F4004F0CD1D0F8002B8B68C3F30A03B0
:10542000097943EA81431A43134B1343C0F8003B05
:10543000002010BDD0F81C280CF00F0E03FA0EF35C
:105440009BB21343C0F81C3800EB4C10D0F8003965
:1054500013F4004FECD1D0F800298B68C3F30A0392
:10546000097943EA814343EA8C531A43024B1343BD
:10547000C0F80039DCE700BF0080001030B40B78C2
:105480004A78012A26D000EB4313D3F8002B002AD8
:1054900052DBD0F83C480A7802F00F024FF0010CC2
:1054A0000CFA02F224EA0242C0F83C28D0F81C2888
:1054B000097801F00F010CFA01FC22EA0C42C0F855
:1054C0001C28D3F8001B234A0A40C3F8002B0020F5
:1054D00030BC704700EB4313D3F80029002A1EDBD1
:1054E000D0F83C580A7802F00F02012404FA02F2C4
:1054F00092B225EA0202C0F83C28D0F81C280978AC
:1055000001F00F018C40A4B222EA0402C0F81C286A
:10551000D3F80019104A0A40C3F80029D7E7D3F896
:10552000002942F00062C3F80029D3F8002942F0B4
:105530008042C3F80029D3E7D3F8002B42F0006281
:10554000C3F8002BD3F8002B42F08042C3F8002BA5
:105550009FE700BF0078F3EF007833EC10B483B01E
:10556000024600230193487801280AD00B7802EB09
:105570004313D3F8000B00282CDB002003B010BC31
:1055800070470B7802EB4313D3F80049002C01DB82
:105590000020F3E7D3F8004944F00064C3F8004961
:1055A0000B7802EB4313D3F8004944F08044C3F86E
:1055B0000049019B01330193019C42F210739C420C
:1055C000DCD80B7802EB4313D3F80039002BF0DB67
:1055D0000020D3E7D3F8000B40F00060C3F8000BC5
:1055E0000B7802EB4313D3F8000B40F08040C3F874
:1055F000000B019B01330193019842F21073984212
:1056000008D80B7802EB4313D3F8003B002BF0DBF8
:105610000020B3E70120B1E710B59DF8084084B938
:1056200003334FEA930E4FF0000C08E000EB023317
:1056300003F5805351F8044B1C600CF1010CF44548
:10564000F4D3002010BD0000F0B583B00C784B7887
:10565000012B2DD000EB441C0CF530631D696FF35A
:1056600012051D611D696FF3DC451D61002C40F0C2
:10567000CE800C690CB18C680C618C680C621D6961
:10568000C4F312042C431C611C6944F400241C6103
:10569000012A00F0DF800B79012B00F0E180DCF8BB
:1056A000003B43F00443CCF8003B002003B0F0BDC6
:1056B0000B6973BB00EB4413D3F810596FF3DC454F
:1056C000C3F81059D3F8105945F40025C3F8105900
:1056D000D3F810596FF31205C3F81059012A54D0AA
:1056E00000EB4414D4F8003943F00443C4F8003903
:1056F0000B79012B72D00B69002BD6D0D0F834383F
:10570000097801F00F0101228A401343C0F83438B0
:10571000CBE700EB441303F510631D696FF312052B
:105720001D611D696FF3DC451D6184B90E698D68CB
:10573000AE4200D90D611D6945F400251D611D694A
:105740000E69C6F3120C45EA0C051D61C6E70D692A
:105750008E683544013DB5FBF6F51E691FFA85FCE0
:10576000494F07EAC54535431D610D79012DE6D145
:105770001D6925F0C0451D611D694FEA4C7C0CF088
:10578000C04C45EA0C051D61D9E7CB691BB100EBA4
:105790004412C2F814390B79012B08D000EB4414E1
:1057A000D4F8003943F00443C4F800397DE7D0F859
:1057B000083813F4807F08D100EB4412D2F8003986
:1057C00043F00053C2F80039E8E700EB4412D2F886
:1057D000003943F08053C2F80039DFE7D0F80838C9
:1057E00013F4807F0CD1D4F8003943F00053C4F88F
:1057F000003900920B8A0A78C968FFF70DFF54E759
:10580000D4F8003943F08053C4F80039F1E70C694B
:1058100054B91C698D68C5F312052C431C611C69C1
:1058200044F400241C6133E78D682C44013CB4FB34
:10583000F5F4A4B204FB05F50D621D69124E06EAEB
:10584000C4442C431C611C690D6AC5F312052C432A
:105850001C611DE7CA68002A3FF41DAF5A611AE7B0
:10586000D0F8083813F4807F06D1DCF8003B43F011
:105870000053CCF8003B12E7DCF8003B43F08053C8
:10588000CCF8003B0BE700BF0000F81F10B58446C2
:1058900008464FEA920E02F00302002305E00CF5E1
:1058A0008051096840F8041B01337345F7D37AB17E
:1058B0000CF5805CDCF800400021CBB2DB0024FA60
:1058C00003F300F8013B0131013A92B2002AF4D10E
:1058D00010BD0B784A78012A14D000EB4310D0F8A1
:1058E000002B002A06DB2BB1D0F8003B23F08043CD
:1058F000C0F8003BD0F8003B43F40013C0F8003B75
:105900000020704700EB4310D0F80029002A06DB86
:105910002BB1D0F8003923F08043C0F80039D0F81B
:10592000003943F40013C0F80039E9E70B784A78EE
:10593000012A0ED000EB4310D0F8003B23F40013F3
:10594000C0F8003B0B79023BDBB2012B15D90020DC
:10595000704700EB4310D0F8003923F40013C0F86F
:1059600000390B79023BDBB2012BF0D8D0F80039BB
:1059700043F08053C0F80039E9E7D0F8003B43F02A
:105980008053C0F8003BE2E7D0F8003823F4FE6310
:10599000C0F80038D0F80038090101F4FE610B436B
:1059A000C0F8003800207047D0F8003E23F0030311
:1059B000C0F8003ED0F8043823F00203C0F80438E1
:1059C00000207047D0F8003E23F00303C0F8003EEB
:1059D000D0F8043843F00203C0F8043800207047C0
:1059E0004269806910407047D0F8183800F50060AF
:1059F000C0691840000C7047D0F8183800F50060F6
:105A0000C069184080B2704700EB4111D1F8082BF3
:105A100000F50060406910407047D0F81028D0F8B9
:105A2000343801F00F0C23FA0CF3DB01DBB2134323
:105A300000EB411000F51060806818407047406925
:105A400000F00100704738B50546C36823F0C04335
:105A5000C360012913D019BBC36843F08043C360FE
:105A600000240A20FCF74CFA0A342846FFF7E7FF27
:105A700008B1C72CF5D9C82C14D0002038BDC36894
:105A800043F00053C36000240A20FCF739FA0A34BB
:105A90002846FFF7D4FF0128EDD0C72CF4D9EAE758
:105AA0000120EBE70120E9E7D0F800396FF30A03A2
:105AB000C0F80039D0F8043843F48073C0F80438D3
:105AC0000020704710B4046C144B9C4203D9D0F8EA
:105AD000003B002B16DB0024C0F8104BD0F8104B15
:105AE00044F40024C0F8104BD0F8104B44F01804D4
:105AF000C0F8104BD0F8104B44F0C044C0F8104B25
:105B0000012902D0002010BC7047C0F8142BD0F837
:105B1000003B43F08023C0F8003BF3E70A30544FCA
:105B2000024B1980024B1860704700BFD008002458
:105B3000CC08002408B50122074B1988074B1868C8
:105B4000FCF7DAFB6420FCF7DBF9054800F00AF803
:105B5000FCF762FA08BD00BFD0080024CC0800247E
:105B60006CD30008B0B500AF0546FAF7C9FF04468C
:105B700000F10A0323F00703ADEB030D431C0D22D4
:105B80000DF803200DEB00030A229A70294668469F
:105B900001F0C2FDE11C89B2684601F06DF9BD4615
:105BA000B0BD00000FB410B582B004AB53F8042BA5
:105BB0000193074C4FF48071204601F095FC20467C
:105BC000FFF7D0FF02B0BDE8104004B0704700BF3F
:105BD000D808002410B50022274B1A700EE0264B7F
:105BE0001B78264C4FF0000C04F803C0224B1B78A6
:105BF0000F2B02D9204B00241C7001328A421ED286
:105C0000835C0D2B06D842F2014C2CFA03FC1CF0ED
:105C1000010FE4D11A4C14F803C00CF0030CBCF1D2
:105C2000010F0AD0144C94F800C00CF1010E84F856
:105C300000E0124C04F80C30D8E72033F2E71149A9
:105C40000E48FAF7DDFD10B90F4B01221A600F491B
:105C50000A48FAF7D5FD10B90D4B01221A600D491B
:105C60000648FAF7CDFD10B9094B00221A600A4B1D
:105C700001221A7010BD00BFD8090024DC090024DD
:105C8000A9D500087CD30008F009002484D30008BB
:105C9000D40800248CD30008EC09002408B5084B74
:105CA0001B782BB1064B00221A70064B1B6803B9F8
:105CB00008BD0548FFF756FFFFF73CFFF8E700BFB8
:105CC000EC090024F009002494D3000810B5D0F8A2
:105CD000D43203F1B00250F822408CB100EB8200C4
:105CE00043687BB194F80002FF280DD09B6894F8BC
:105CF000012221469847FF2384F80032002010BD7E
:105D00000320FCE70020FAE70020F8E70A230380DD
:105D1000004870478C000024F8B506460F4F8221DA
:105D2000384600F044FC05460121384600F03FFCAF
:105D300004468121384600F03AFC0DB11022AA71C8
:105D40001CB1402222710022627118B140220271FE
:105D500000224271432333800048F8BD1000002424
:105D6000F8B506460F4F8221384600F020FC054664
:105D70000121384600F01BFC04468121384600F022
:105D800016FC0DB11022AA711CB140222271002212
:105D9000627118B1402202710022427143233380A4
:105DA0000048F8BD10000024F8B506460F4F8221C8
:105DB000384600F0FCFB05460121384600F0F7FBB1
:105DC00004468121384600F0F2FB0DB11022AA7181
:105DD0001CB1002222710222627118B100220271EC
:105DE00002224271432333800048F8BD1000002492
:105DF00038B5D0F8D432B03350F8235095B10446BA
:105E000001F0E2F9C5F80C02D4F8D432B03304EB57
:105E100083046368DB6805F50371D5F804029847CD
:105E2000002038BD0320FCE738B5D0F8C852D0F8C0
:105E3000D432B03350F8234084B301F00F0303EBA6
:105E4000830200EB820292694AB103EBC30C05EBBB
:105E50008C05ED69B2FBF5FC05FB1C2292B1002319
:105E6000C4F81432D0F8D432B03300EB8300436866
:105E70001B69ABB10A4604F50471D4F808029847CF
:105E8000002038BD03EB830300EB830300249C61F7
:105E90002346224601F0E0F92046F2E70320F0E72E
:105EA0000020EEE7F0B583B0D0F8D43203F1B002B1
:105EB00050F8227000228DF80720ADF80420002F42
:105EC0007BD004460D46097811F0600634D0202EB0
:105ED0006CD1EA882AB311F0800F07D16B7887F86C
:105EE0000032EA883F2A13D8D2B212E0B03300EB76
:105EF00083035B689B68394668789847EA88072A75
:105F000028BF07223946204600F019FF002651E03D
:105F1000402287F801223946204600F025FF00265E
:105F200048E0B03300EB83035B689B68002229469E
:105F30006878984700263DE06F780B2F31D8DFE86E
:105F400007F006393030303030303030162690F8D7
:105F50009C32DBB2032B04D0294600F065FB0326FC
:105F600028E0022201A900F0EAFE3E4622E090F875
:105F70009C32DBB2032B04D0294600F055FB0326EC
:105F800018E001220DF1070100F0D9FE12E090F8AF
:105F90009C32DBB2032B0DD0294600F045FB0326D3
:105FA00008E0294600F040FB032603E0294600F004
:105FB0003BFB0326304603B0F0BD0326FAE738B5B5
:105FC0000446812101F028F900252587012120467A
:105FD00001F022F9A4F878518221204601F01CF941
:105FE000A4F84C50A4F84E50D4F8D43203F1B002C7
:105FF00054F822209AB1B03304EB83035B685B68EA
:106000009847D4F8D432B03354F8230001F0E6F8BE
:10601000D4F8D432B03344F82350C4F8BC52002032
:1060200038BD70B504464FF4077001F0D3F800286E
:1060300049D005464FF40772002101F091FAD4F8D7
:10604000D432B03344F82350C4F8BC52237C002B24
:1060500041D14FF4007302228121204601F0D1F892
:10606000012626874FF4007302223146204601F0B4
:10607000C8F8A4F878611023A4F84E30082303224E
:106080008221204601F0BDF80123A4F84C300026FF
:10609000C5F80462D4F8D432B03304EB83035B68F0
:1060A0001B689847C5F81462C5F81862D5F8042231
:1060B00062B3257C1DBB4FF400730121204601F023
:1060C000D3F8284670BDD4F8D432B033002244F857
:1060D00023200225F5E7402302228121204601F0FA
:1060E00090F801262687402302223146204601F0FF
:1060F00088F8A4F878611023A4F84E30BEE7402356
:106100000121204601F0B0F80025DAE70225D8E7A2
:1061100039B1D0F8D432B03300EB830041600020B5
:10612000704703207047D0F8D432B03350F8233092
:106130002BB1C3F80812C3F81022002070470320C7
:106140007047D0F8D432B03350F823301BB1C3F8C5
:106150000412002070470320704708B5D0F8D432ED
:10616000B03350F823208AB1D2F814320BB1012099
:1061700008BD0123C2F81432D2F81032C362D2F83B
:106180000822812101F068F80020F1E70320EFE701
:1061900010B5D0F8D432B03350F8232092B1047C3B
:1061A00044B94FF40073D2F80422012101F05CF8E5
:1061B000204610BD4023D2F80422012101F054F8FA
:1061C0000024F5E70324F3E798B108B5034600205F
:1061D000C3F8B802C3F8C402C3F8D00209B1C3F8C7
:1061E000B412012183F89C121A70184600F09EFF29
:1061F00008BD0320704710B582B00023ADF806300B
:10620000B9B10446C0F8B812D0F8D422CB6A43B171
:10621000AE3250F82230DB6A0DF106009847C4F820
:10622000D002D4F8D8320133C4F8D832002002B0FA
:1062300010BD0320FBE708B500F0DBFF08BD08B583
:10624000D0F8B83213B11B68984708BD0020FCE7AE
:1062500008B5D0F8B8325B68984700B908BD03208C
:10626000FCE738B5044600F2AA25284600F0C8F934
:106270000123C4F89432B4F8B032C4F8983294F8D8
:10628000AA1201F01F03012B07D0022B0AD073B909
:106290002946204600F09AFB38BD2946204600F0EA
:1062A000D0FBF9E72946204600F00DFCF4E701F0A9
:1062B0008001204600F0B8FFEEE7F8B50446012360
:1062C00080F89C320023C0F894324360C0F8A432B6
:1062D00080F8A032D0F8B832DBB15B68DBB10021C6
:1062E00098470746C8B9402300221146204600F0CF
:1062F00088FF0126A4F864614025C4F860512B464C
:1063000000228021204600F07CFFA68425623846CA
:10631000F8BD0027E7E70027E5E70327E3E7017477
:106320000020704790F89C32DBB2042B04D090F828
:106330009C32DBB280F89D32042380F89C3200202E
:10634000704790F89C32DBB2042B01D000207047DC
:1063500090F89D32DBB280F89C32F7E708B590F8F0
:106360009C32DBB2032B01D0002008BDD0F8B8323C
:10637000002BF9D0DB69002BF6D09847F4E708B57D
:10638000D0F8D432AE3350F823205AB190F89C3272
:10639000DBB2032B01D0002008BD136A23B198475C
:1063A0000020F9E70320F7E70020F5E708B5D0F86B
:1063B000D432AE3350F823205AB190F89C32DBB27D
:1063C000032B01D0002008BD536A23B19847002059
:1063D000F9E70320F7E70020F5E70020704708B54C
:1063E000012380F89C32D0F8B83223B15B68017980
:1063F000984710B908BD0020FCE70320FAE7002009
:1064000070470020704738B504460D46002942D138
:106410001346D0F89422032A01D0084638BDD0F89C
:106420005C11D0F86021914209D890F8AA3203F0AB
:106430001F03012B0ED0022B1BD028460FE0891A18
:10644000C0F85C118A4228BF0A46194600F09BFC3E
:106450002846E3E790F8AE12FFF7D1FF20B994F891
:106460009C32DBB2032B09D0204600F094FC284676
:10647000D4E790F8AE12FFF7C4FFEFE700F1AE03E8
:1064800054F823301A69002AEED0C4F8D4021B69EC
:1064900020469847E8E701F07F01FFF7B2FF90B987
:1064A00094F89C32DBB2032BB8D100F1AE0354F860
:1064B00023309A69002AB1D0C4F8D4029B692946D6
:1064C00020469847AAE70020A8E738B504460D46BD
:1064D00000294BD11346D0F89422022A07D094F811
:1064E000A00218B1002384F8A032284638BDC26942
:1064F000016A8A420ED88A4218D094F89C32DBB2E4
:10650000032B27D08021204600F08EFE204600F08D
:106510004DFCE4E7521AC261194600F01DFC00234D
:106520001A461946204600F09FFED8E78369994233
:10653000E3D8D0F898229342DFD20022114600F02F
:106540000BFC0021C4F898120B460A46204600F0C6
:106550008BFEC4E7D4F8B832DA68002AD2D0002221
:10656000C4F8D422DB6820469847CBE741F080018D
:10657000FFF747FF90B994F89C32DBB2032BB5D1FB
:1065800000F1AE0354F823305A69002AAED0C4F8A3
:10659000D4025B69294620469847A7E70020A5E773
:1065A0000B88027813440B800378184470474288A4
:1065B00003789A4218D930B583B004460D46ADF839
:1065C00006306388BDF806209A420AD20DF1060112
:1065D000FFF7E6FF4378052BF3D18378AB42F0D188
:1065E00000E0002003B030BD0020704703460020CB
:1065F00002E00130C0B201331A78002AF9D17047A5
:106600000B7803704B7843708B78CA7843EA022387
:1066100043800B794A7943EA022383808B79CA79D4
:1066200043EA0223C380704710B50446802100F07E
:10663000FBFD0021204600F0F7FD10BD30B583B012
:1066400004460D460023ADF806304A88130A013B84
:106650000E2B00F2BC80DFE803F0153044BABA9E7E
:10666000ABBABABABABABABA0800D0F8B432DB696F
:1066700023B10DF10601007C98470AE02946FFF797
:10668000D3FF18E0D0F8B4321B680DF10601007C8E
:106690009847EA88002A00F0A380BDF80630002B56
:1066A00000F099809A4228BF1A46ADF806200146AC
:1066B000204600F044FB03B030BD037C43B9D0F862
:1066C000B8329B6A0DF10600984702234370E0E759
:1066D000D0F8B832DB6A0DF1060098470223437008
:1066E000D7E7D2B2052A52D8DFE802F003101D2AFC
:1066F0003744D0F8B4325B6823B10DF10601007C59
:106700009847C6E72946FFF78FFFD4E7D0F8B432A1
:106710009B6823B10DF10601007C9847B9E7294633
:10672000FFF782FFC7E7D0F8B432DB6823B10DF181
:106730000601007C9847ACE72946FFF775FFBAE7EA
:10674000D0F8B4321B6923B10DF10601007C9847E3
:106750009FE72946FFF768FFADE7D0F8B4325B69E1
:1067600023B10DF10601007C984792E72946FFF717
:106770005BFFA0E7D0F8B4329B6923B10DF10601AD
:10678000007C984785E72946FFF74EFF93E72946A7
:10679000FFF74AFF8FE7037C33B9D0F8B8325B6B61
:1067A0000DF10600984774E72946FFF73DFF82E7A1
:1067B000037C43B9D0F8B8321B6B0DF10600984743
:1067C0000723437065E72946FFF72EFF73E7294645
:1067D000FFF72AFF6FE729462046FFF725FF6AE704
:1067E000204600F0D8FA66E738B504468B88FBB936
:1067F000CB88EBB94B887F2B1AD803F07F0590F834
:106800009C32DBB2032B0CD080F89E52294600F05C
:106810001BFD204600F0BFFA35B1022384F89C32FC
:1068200009E0FFF701FF06E0012384F89C3202E053
:106830002046FFF7F9FE38BD70B504460E468D7848
:106840002F4B1D70012D10D890F89C32DBB2022B1B
:106850000FD0032B26D0FFF7E7FE294B19782046EF
:10686000FFF7F6FC0325284670BDFFF7DDFE032584
:10687000F9E7A5B145602946FFF7E1FC054638B1C7
:1068800031462046FFF7D0FE022384F89C32EAE727
:10689000204600F080FA032384F89C32E3E700F0FE
:1068A0007AFAE0E7CDB141688D4225D0C9B2FFF751
:1068B000CFFC134B197861602046FFF7C0FC0546FA
:1068C000B0B131462046FFF7AFFE21792046FFF7F1
:1068D000BFFC022384F89C32C5E7022380F89C3277
:1068E00045602946FFF7B4FC204600F054FABAE7A9
:1068F000204600F050FAB6E700F04DFA0025B2E766
:10690000F409002408B5CB88012B0BD190F89C32F8
:10691000DBB2022B09D9032B11D10122011D00F09A
:106920000EFA01E0FFF780FE08BD5BB23BB1014605
:10693000002341F8083F012200F001FAF4E7FFF7D5
:1069400073FEF1E708B590F89C32013B022B12D898
:10695000CB88022B0CD10123C360D0F8A4320BB139
:106960000323C360022200F10C0100F0E8F908BD26
:10697000FFF75AFEFBE7FFF757FEF8E708B54B882D
:10698000012B04D0022B07D0FFF74EFE08BDC0F844
:10699000A43200F000FAF9E78B881B0A80F8A032D5
:1069A00000F0F9F9F2E708B590F89C32013B022BB0
:1069B00009D84B88012B00D008BD0023C0F8A432B1
:1069C00000F0E9F9F8E7FFF72FFEF5E738B50C78A6
:1069D00004F06004202C06D0402C04D06CB1FFF7EA
:1069E00023FE002407E0D0F8D432AE3350F8233031
:1069F0009B6898470446204638BD4D78092D1DD820
:106A0000DFE805F012191C161C08051C0F0BFFF718
:106A100015FEF0E7FFF7E8FEEDE7FFF70DFF044690
:106A2000E9E7FFF76FFFE6E7FFF78CFF2C46E2E7A9
:106A3000FFF7A4FFDFE7FFF7B6FFDCE7FFF7F4FDA2
:106A4000D9E770B505460C460B7803F06003202BA0
:106A500007D0402B05D023B1FFF7E6FD00263046D6
:106A600070BD95F89C32013B022B26D82179012973
:106A700005D921462846FFF7D7FD0026EFE728462F
:106A8000FFF7BDFC68B900F1AE0255F8222091680D
:106A900089B1C5F8D402936821462846984706462E
:106AA00000E00326E388002BD9D1002ED7D1284659
:106AB00000F071F9D3E70326F4E721462846FFF7F3
:106AC000B3FD0026CBE72DE9F04106460D468B8845
:106AD000DFB20C7804F06004202C08D0402C06D0E3
:106AE000DCB1FFF7A1FD00242046BDE8F081394666
:106AF0003046FFF786FC0446002840F0F980C6F8CF
:106B0000D40200F1AE0356F823309B68002BEBD083
:106B10002946304698470446E6E791F80180B8F1E7
:106B2000010F31D0B8F1030F05D0B8F1000F66D0D6
:106B3000FFF77AFDD8E790F89C32DBB2022B04D045
:106B4000032B11D0FFF770FDCEE7002F18BF802F69
:106B500007D0394600F068FB8021304600F064FB26
:106B6000C2E7FFF761FDBFE74B882BB9002F18BFC5
:106B7000802F01D0CB881BB1304600F00CF9B3E771
:106B8000394600F051FBF7E790F89C32DBB2022B5C
:106B900004D0032B11D0FFF747FDA5E7002F18BF46
:106BA000802F07D0394600F03FFB8021304600F0AF
:106BB0003BFB99E7FFF738FD96E74B88002B93D115
:106BC00017F07F0F17D1304600F0E5F83946304610
:106BD000FFF717FC002887D1C6F8D40200F1AE02F7
:106BE00056F822209268002A00F084802946304618
:106BF0009047044678E7394600F01EFBE3E790F83B
:106C00009C22D2B2022A05D0032A28D0FFF70CFD1D
:106C1000444669E7002F18BF802F13D113F0800F6F
:106C200014D107F07F0707EB8707B90001F5A871BA
:106C30000144043100230B600222304600F07FF84B
:106C4000444651E7FFF7F0FC44464DE707F07F0765
:106C500007EB8707B900103101440431EAE75BB262
:106C6000002B20DB07F00F0202EB820200EB820216
:106C7000B2F8642122B3002B26DB07F07F0303EB7D
:106C800083039C0004F5A87434440434802F18BF97
:106C9000002F22D10023236002222146304600F03B
:106CA0004EF8444620E707F00F0202EB820200EBA9
:106CB0008202928C002ADED1FFF7B6FC444613E72D
:106CC000FFF7B2FC44460FE707F07F0303EB8303B3
:106CD0009C00103434440434D8E73946304600F080
:106CE0005DFA10B101232360D6E700232360D3E7C8
:106CF0000024F9E60446F7E600B370B50D461646E3
:106D00000446FFF773FC01304300B3F5007F06D85B
:106D10009BB233802B7003236B7002230AE04FF485
:106D20000073F6E7EA5401345A1CD2B20021A95488
:106D30000233DBB22278002AF4D170BD704708B567
:106D400013460222C0F894228361C3610A460021DF
:106D500000F082FA002008BD08B513460A4600215B
:106D600000F07AFA002008BD08B513460322C0F8E7
:106D70009422C0F85831C0F85C310A46002100F076
:106D800073FA002008BD08B513460A46002100F03A
:106D90006BFA002008BD08B50422C0F89422002335
:106DA0001A46194600F058FA002008BD08B5052219
:106DB000C0F8942200231A46194600F055FA002024
:106DC00008BD000008B5012210491148FFF7FCF981
:106DD00080B910490E48FFF70EFA70B90E490C48F9
:106DE000FFF796F960B90A48FFF725FA58B9FCF79A
:106DF0002BF908BDFAF73FFDEBE7FAF73CFDEDE7AD
:106E0000FAF739FDEFE7FAF736FDF0E7E000002486
:106E1000F809002454000024980000240020704742
:106E2000002070470020704770B504460D46074E9D
:106E300001463046FFF785F93046FFF7A9F9296882
:106E40002046FEF7C7FE002070BD00BFF8090024F1
:106E500010B5064C002206492046FFF764F90549A3
:106E60002046FFF76EF9002010BD00BFF80900248E
:106E7000D40C0024D4140024094BD3F8BC32D3F82A
:106E800014320BB10120704710B5054C0A4601467B
:106E90002046FFF748F92046FFF75FF910BD00BF15
:106EA000F809002412230B8000487047CC0000240E
:106EB00004230B8000487047C8000024002393423D
:106EC0001ED200B510E00CF1370C01F813C0000120
:106ED0004FEA430C0CF1010C4FF0000E01F80CE0EE
:106EE0000133DBB2934209D24FEA107CB0F1204F5C
:106EF000E9D20CF1300C01F813C0E8E75DF804FBAF
:106F00007047000038B50B4BD3F80008D3F804489D
:106F1000D3F80838C01800D138BD074D08222946DB
:106F2000FFF7CCFF042205F110012046FFF7C6FF52
:106F3000F2E700BF00E0F11FAE00002408B51A23FD
:106F40000B80FFF7DFFF014808BD00BFAC00002445
:106F500008B50A4628B905490548FFF7CDFE03489C
:106F600008BD02490248FFF7C7FEF8E7D41C002419
:106F7000B0D3000810B50A46034C21460348FFF77A
:106F8000BBFE204610BD00BFD41C0024BCD30008AB
:106F900008B50A4628B905490548FFF7ADFE03487C
:106FA00008BD02490248FFF7A7FEF8E7D41C0024F9
:106FB000D8D3000808B50A4628B905490548FFF79F
:106FC0009BFE034808BD02490248FFF795FEF8E71B
:106FD000D41C0024E4D3000810B5B0B00446B82295
:106FE000002102A800F0BCFA2268164B9A4201D098
:106FF00030B010BD4FF480220023CDE902234FF4BE
:107000008013239302A8FCF79FFEB8B9FCF71CF885
:107010000D4BD3F8D82042F00072C3F8D820D3F833
:10702000D83003F000730193019B002211464D20DC
:10703000FAF7DEFF4D20FAF7EBFFD9E7FAF71BFC72
:10704000E4E700BF000004400044025808B500F225
:107050009C41D0F8E004FFF704F908BD08B501EB46
:10706000C10300EB8303D3F86022D0F8E004FFF7FC
:10707000CAF908BD08B501EBC10300EB83031A6A26
:10708000D0F8E004FFF721FA08BD08B5D0F8E00415
:10709000FFF764F908BD10B50446C17911B10229A2
:1070A00009D10121D4F8E004FFF739F9D4F8E0045C
:1070B000FFF703F910BDFAF7DEFB0121F2E700004C
:1070C00010B50446D0F8E004FFF72CF92268D2F896
:1070D000003E43F00103C2F8003EE37A23B1034AC5
:1070E000136943F00603136110BD00BF00ED00E01B
:1070F00008B5D0F8E004FFF724F908BD08B5D0F8CA
:10710000E004FFF753F908BD08B5D0F8E004FFF735
:1071100036F908BD08B5D0F8E004FFF75EF908BD00
:1071200008B5D0F8E004FFF75AF908BD0378012B41
:1071300001D00020704710B5164BC3F8E004C0F82A
:10714000C832154A1A6009221A710221D971002227
:107150009A7159729A72DA721A739A73DA731A748C
:107160001846FBF740F990B90A4C4FF400712046DD
:10717000FBF726FF802200212046FBF7FCFE4FF4A0
:10718000BA7201212046FBF7F6FE002010BDFAF787
:1071900072FBE9E7F420002400000440D0F8C83274
:1071A00011F0800F08D101F07F0101EBC10103EB69
:1071B000810393F85602704701F07F0101EBC10192
:1071C00003EB8103987D704708B5D0F8C802FBF740
:1071D0000DFB08BD00487047D41E002470470328EB
:1071E00005D8DFE800F00504020501207047032000
:1071F000704708B5D0F8C802FBF776F9FFF7EFFF44
:1072000008BD08B594461A466346D0F8C802FBF795
:107210004AFAFFF7E4FF08BD08B5D0F8C802FBF74B
:1072200088FAFFF7DCFF08BD08B5D0F8C802FBF705
:107230000BFBFFF7D4FF08BD08B5D0F8C802FBF779
:1072400046FBFFF7CCFF08BD08B5D0F8C802FBF736
:1072500017FAFFF7C4FF08BD08B5D0F8C802FBF75E
:10726000CEFAFFF7BCFF08BD08B5D0F8C802FBF79F
:1072700098FAFFF7B4FF08BD024A0349034800F03B
:10728000C9B800BF00010024E59B000810010024DC
:107290000C4B4168994210B5044601D002F0A2FCA3
:1072A000A168094B994202D0204602F09BFCE1689C
:1072B000064B994204D02046BDE8104002F092BC33
:1072C00010BD00BFD825002440260024A826002495
:1072D0002DE9F843314A324C3249DFF8CC90DFF8DF
:1072E000CC80334F1160002504232946082204F185
:1072F0005C00C4E903352F4EA560C4E90055C4E91C
:107300000555656600F02CF904F15800C4E90749F9
:10731000C4E90987E66200F0F7F92946264B63675E
:10732000082204F1C400C4E91A55C4E91E552567B2
:10733000C4F8CC50C4F8805000F012F904F168038E
:1073400004F1C000C4F88430C4E92298C4E924766A
:1073500000F0DAF9194BC4F8DC30294604F59670D0
:107360000822C4E93455C4E93855C4F8D850C4F8E3
:107370003451C4F8E85000F0F3F804F1D003C4E944
:107380003D87C4F8F09004F59470C4F8FC60C4F82C
:10739000EC30BDE8F84300F0B7B900BF1027002477
:1073A000D825002479720008597400087D740008FB
:1073B000BD740008E1740008090001001200020019
:1073C00010B504460A4800F0A3F9636B23B9094BD2
:1073D000094A1B68626323B1BDE81040044800F00D
:1073E00099B9FFF775FFBDE81040014800F092B968
:1073F000202700241027002491720008014800F083
:1074000087B900BF20270024014800F083B900BFDE
:10741000202700242DE9F8430746884616464FF0FA
:107420000009D6E90154013D10D4A389012B08D9E4
:10743000B4F90E3001332146384602D0C04749EA3C
:107440000009013D6B1C04F16804EED13668002E82
:10745000E7D14846BDE8F88310B50C46B1F90E10E7
:1074600000F0F8F8002803DB236D0344236510BD0A
:10747000A38923F48053A38110BD00BF2DE9F041FF
:107480000C46B1F90C101F46CB05054616460BD429
:1074900021F48051A1813B46B4F90E1032462846B2
:1074A000BDE8F04100F0ECB8B4F90E100223002260
:1074B00000F0BAF8B4F90C10EAE700BF10B50C46BA
:1074C000B1F90E1000F0B0F8B4F90C30421C0EBF48
:1074D00023F4805343F480532065A38110BD00BF83
:1074E000B1F90E1000F08EB810B51C4C00292468BC
:1074F0009AB02DDB009004904FF40270ADF80C00B0
:107500004FF00000199013D001394FF6FF7002912F
:107510000591ADF80E006946204600F081FD421C41
:1075200001DA8B232360009B00221A701AB010BD71
:107530004FF6FF7002910591ADF80E0069462046A6
:1075400000F06EFD431C01DA8B2323601AB010BDDE
:107550008B2323604FF0FF30F8E700BF0C010024BD
:10756000830730B547D0541E002A3ED0CAB2034626
:1075700001E0013C39D303F8012B9D07F9D1032C1D
:107580002CD9CDB205EB05250F2C05EB054535D9DA
:10759000A4F1100222F00F0C03F1100EE6444FEAA2
:1075A000121C1A46C2E90055C2E902551032724552
:1075B000F8D10CF1010214F00C0F03EB021204F0ED
:1075C0000F0C13D0ACF1040323F003030433134472
:1075D00042F8045B9342FBD10CF003042CB1C9B216
:1075E0001C4403F8011BA342FBD130BD6446134683
:1075F000002CF4D1F9E703461446C0E71A46A44626
:10760000E0E700BF38B5074D0022044608462A606F
:10761000FAF7AEFA431C00D038BD2B68002BFBD024
:10762000236038BD1427002438B50C46084D844625
:10763000114620461A4600232B606446FAF7A2FA48
:10764000431C00D038BD2B68002BFBD0236038BD15
:107650001427002438B50C46084D844611462046B0
:107660001A4600232B606446FAF764FA431C00D0E4
:1076700038BD2B68002BFBD0236038BD14270024B5
:1076800038B50C46084D8446114620461A4600235C
:107690002B606446FAF75EFA431C00D038BD2B68B5
:1076A000002BFBD0236038BD14270024014B186841
:1076B000704700BF0C01002470B50F4B0F4DAB425B
:1076C000A3EB050607D0B610002455F8043B01349F
:1076D0009847A642F9D805F037FE094D094B5E1BC5
:1076E000AB424FEAA60606D0002455F8043B01340D
:1076F0009847A642F9D870BDF0D70008F0D7000827
:10770000F0D70008F8D70008704700BF704700BFE7
:10771000704700BF704700BF80EA0102844612F044
:10772000030F4FD111F0030F32D14DF8044D11F07A
:10773000040F51F8043B0BD0A3F101329A4312F02D
:10774000803F04BF4CF8043B51F8043B16D100BF06
:1077500051F8044BA3F101329A4312F0803FA4F197
:1077600001320BD14CF8043BA24312F0803F04BF1E
:1077700051F8043B4CF8044BEAD023460CF8013B8B
:1077800013F0FF0F4FEA3323F8D15DF8044B704735
:1077900011F0010F06D011F8012B0CF8012B002A73
:1077A00008BF704711F0020FBFD031F8022B12F062
:1077B000FF0F16BF2CF8022B8CF8002012F47F4F1D
:1077C000B3D1704711F8012B0CF8012B002AF9D125
:1077D000704700BF024B13B1024800F005B8704774
:1077E00000000000C19E0008002301461A4618460A
:1077F00002F0BEBB2DE9F84306460820894602F098
:1078000073FBDFF89C800546304600F0FDFBD8F89E
:1078100008305F6827F00307A7F11104A4EB0904FF
:107820002C44B4FBF5F4013C05FB04F4A54208DC50
:107830000021304602F032FBD8F808303B44984231
:1078400005D0304600F0E6FB0020BDE8F883614239
:10785000304602F023FB01300FD0124AD8F808302E
:107860003F1B47F001075F60136830461B1B136026
:1078700000F0D0FB0120BDE8F8830021304602F083
:107880000DFBD8F80820831A0F2BDADD43F0010333
:107890005360054B03491B68C01A0860D1E700BF5D
:1078A00060020024282700245402002400297CD0F0
:1078B000F8B50C46064600F0A7FB54F8043C764F9A
:1078C000A4F1080523F001016818D7F808C0426840
:1078D000844522F0030200F08380DB07426000EB66
:1078E000020C33D454F8084CDCF804302D1B21442E
:1078F000AC6807F1080C644503F0010364D0D5F8C7
:107900000CE0C4F80CE0CEF80840002B00F08180B9
:1079100041F001036B600160B1F5007F22D278680D
:10792000CB080122490901338A40024357F833103A
:107930007A6007EBC302083AC5E9021247F83350F0
:10794000CD603046BDE8F84000F064BBDCF80430A0
:10795000DB072BD541F00103B1F5007F44F8043C6F
:107960000160DCD3B1F5206F4FEA512353D28B096C
:1079700003F1390003F13802C300F818FB58083846
:10798000984203D161E09B68984204D05A6822F083
:1079900003028A42F7D8D868C5E902308560DD6005
:1079A0003046BDE8F84000F035BB7047114407F1A0
:1079B000080C836863453FD0C268DA60936041F089
:1079C00001036B606950A7E7002B5FD10A44D0E93F
:1079D0000213CB60996042F001036B60AA50B0E7DC
:1079E0000A44D90707D454F8083CED1A1A44D5E9DB
:1079F0000213CB60996042F001036B60274BBD60BE
:107A00001B6893429DD8264B30461968FFF7F2FE5B
:107A100097E71144CDE7142B08D9542B1DD80B0B35
:107A200003F16F0003F16E02C300A6E703F15C00EF
:107A300003F15B02C300A0E741F00103C7E904556D
:107A4000C5E902CC6B6069507BE77968921001242C
:107A500004FA02F20A437A609EE7B3F5AA7F06D8D9
:107A6000CB0B03F1780003F17702C30085E740F206
:107A70005452934206D88B0C03F17D0003F17C0233
:107A8000C3007AE74FF47E737E2276E741F001036C
:107A90006B60016055E700BF6002002458020024BB
:107AA000582700242DE9F04F01F10B05162D83B066
:107AB000064623D8102900F2AF8000F0A5FA102561
:107AC00018230220B74F3B44A3F108025C6894429C
:107AD00000F01F816368E268A16823F00303CA60B5
:107AE0002344304691605A6842F001025A6000F027
:107AF00091FA0834204603B0BDE8F08F35F0070551
:107B000000F18A80A94200F2878000F07DFAB5F585
:107B1000FC7FC0F06E816B0A00F08280042B00F2C3
:107B20001E81AB0903F1390003F1380EC3009D4FEC
:107B30003B44A3F1080C5C68A44507D10DE0002A82
:107B4000E16880F2E0808C4507D00C46636823F042
:107B500003035A1B0F2AF2DD7046DFF84C823C69A2
:107B6000444500F0BD80636823F0030CACEB0503D3
:107B70000F2B00F34281002BC7E9048880F22D818E
:107B8000BCF5007FD7F804E080F0C9804FEADC0143
:107B900001314FEA5C1C012303FA0CF357F8312042
:107BA000A2604EEA030E07EBC103083BE360C7F88F
:107BB00004E047F83140D46083104FF0010C0CFA18
:107BC00003FCF44532D81CEA0E0F08D120F0030064
:107BD0004FEA4C0C1CEA0E0F00F10400F8D007EB42
:107BE000C00AD6468146DEF80C300BE0596821F019
:107BF00003014A1B0F2A1C46DB6800F3BC80002AE5
:107C000080F2DE809E45F1D109F1010919F0030FE0
:107C10000EF1080EE7D119E10C233360002469E767
:107C20004FF4007340204FF03F0E80E7BC6863685C
:107C300023F00309A94503D3A9EB05030F2B52DC5D
:107C40005A4B1B68082003F1100804EB090300934A
:107C500002F04AF9564A13680133A844834605D016
:107C600008F1FF388044434203EA080841463046A1
:107C700002F014F9B0F1FF3F4D4A824600F0D8807F
:107C800004EB0903834200F2D1804A4B1868404458
:107C90000BF1FF311860844640F0FB801AEA010FB7
:107CA00040F0F780D7F808A0C84448F00102CAF8AD
:107CB0000420414B1968814238BF18603F4B196856
:107CC000814238BF1860544622F00308A845A8EB4B
:107CD000050301D30F2B06DC304600F09BF99DE72E
:107CE000D7F804E068E7621943F0010345F00105A5
:107CF00065603046BA60536000F08CF90834204665
:107D000003B0BDE8F08FA2682344D16030468A609A
:107D1000E9E6DC68A3427FF4DDAE02301DE7BCF586
:107D2000206F4FEA5C227AD3142A00F2128102F10A
:107D30005C03DB005B32F918FB580839994203D128
:107D4000ECE09B68994204D05A6822F00302624535
:107D5000F7D8D968C4E902318C60DC602CE7142BB9
:107D600069D9542B00F2FE802B0B03F16F0003F155
:107D70006E0EC300DBE6D4F808C03046661945F045
:107D800001056560CCF80C30C3F808C042F001036F
:107D9000C7E90466C6E902887360625000F03AF9E8
:107DA0000834A7E660020024680200245827002453
:107DB000540200242827002454270024502700249C
:107DC000214430464A6842F001024A6054F8082FC4
:107DD000D3609A6000F01EF98CE6A4443046DCF8CB
:107DE000043043F00103CCF8043000F013F90834F8
:107DF00080E6E80805F1080364E6621943F0010132
:107E000045F0010565603046C7E90422C2E90288F1
:107E1000516044F80C3000F0FDF808346AE64FEA8F
:107E20009C1202F13903DB00383284E7BC4228D0CF
:107E3000BC68626848E703F15C0003F15B0EC300B5
:107E400075E65AF80839534540F0DA8010F0030F10
:107E500000F1FF30F5D17B6823EA0C037B604FEA29
:107E60004C0C9C453FF6E2AEBCF1000F04D1DDE6C0
:107E70004FEA4C0C09F104091CEA030FF8D04846FC
:107E8000ADE6604B186808EB000C0BF1FF31C3F84E
:107E900000C0106801306FD004EB0902AAEB0202A7
:107EA00062441A601AF00702CDE9002340D0C2F103
:107EB00008029244D04408EA01005A44121A02EA25
:107EC000010B5946304601F0E9FF421C019B6FD07F
:107ED000A0EB0A0000EB0B081868C7F808A048F0F0
:107EE00001025844BC42CAF8042018603FF4E1AED5
:107EF000B9F10F0F43D96168A9F10C0222F0070212
:107F000001F00101114361604FF0050CA1180F2A27
:107F1000C1E901CC54D8DAF80420CAE692104FF037
:107F2000010C0CFA02F24EEA020EC7F804E011E767
:107F30000AEB08020A40ABEB020202EA010B5946C7
:107F4000304601F0ABFF431C019BC1D1DDF800B00E
:107F5000C2E7542A17D84FEA1C3202F16F03DB0044
:107F60006E32E8E6B3F5AA7F17D8EB0B03F1780081
:107F700003F1770EC300DAE5C2F800A092E701230F
:107F8000CAF80430A8E6B2F5AA7F24D84FEADC325A
:107F900002F17803DB007732CDE640F2545293428F
:107FA00024D8AB0C03F17D0003F17C0EC300BEE5C9
:107FB000009A083A9044A8EB0A084FF0000B8BE7B0
:107FC000304604F108010093FFF770FC009BD7F8DE
:107FD00008A018689FE740F254539A420CD84FEA21
:107FE0009C4202F17D03DB007C32A4E64FF47E73F9
:107FF0007F204FF07E0E9AE54FF47E737E229AE644
:108000007B682CE7282700240148FFF781BB00BFCD
:10801000182700240148FFF77DBB00BF1827002464
:108020002DE9F04FDDB00C460D9115460F938346B8
:1080300001F030FF036819931846F8F761FD00213D
:10804000179008222CA8FFF78BFAA389190603D5ED
:108050002369002B00F04B87002333AA0024CDE9CD
:108060003133CDE91B331293189320931D930A9358
:108070000023CDE91434309214462E46B246764B96
:10808000D3F8E45001F000FF2CAA0346009228A97F
:1080900052465846A847002800F0B180C0F2A78099
:1080A000289A252A034601D09A44E8E7BAEB060746
:1080B000054640F0A88000231A464FF0FF31CDE975
:1080C00008218DF897300B930AF1010A9AF80030D5
:1080D0000AF1010AA3F120025A2A00F2BF80DFE868
:1080E00012F02203BD00BD001B03BD00BD00BD009A
:1080F0006A00BD00BD003A025602BD004502FF0203
:10810000BD00F8025B005B005B005B005B005B0096
:108110005B005B005B00BD00BD00BD00BD00BD009D
:10812000BD00BD003701BD00BA0163023701370150
:108130003701BD00BD00BD00BD005C02BD00BD003B
:10814000CD02BD00BD00BD00E401BD00E502BD00E3
:10815000BD00AD06BD00BD00BD00BD00BD00BD0041
:10816000BD00BD003701BD00BA011602370137015D
:1081700037014C0216027F00BD008B02BD007C025D
:10818000AB069D027F00BD00E4017C00A806BD0097
:10819000BD00D306BD007C00A3F1300200211AF817
:1081A000013B01EB810102EB4101A3F13002092AFD
:1081B000F5D90B918EE7584601F06CFE43681D938C
:1081C0001846F8F79DFC20900546584601F062FEDF
:1081D00083681B93002D40F0B0859AF8003077E754
:1081E000089B43F0200308939AF8003070E70822B8
:1081F00000212CA8FFF7B4F901239A443FE7BAEB1A
:108200000607054610D0329B3B443293319B013325
:10821000072BC4E90067319315DC08340A9B3B4403
:108220000A93002D7FF447AF329B002B41F09581DC
:108230000D9B9B8903F04003002B41F0BE830A98FD
:108240005DB0BDE8F08F0D9930AA584601F09EFC54
:108250000028EDD133ACE1E7680600241093002B31
:10826000E2D000228DF80C3101238DF8972006937F
:108270000E920C93099216921392119243AE089BA0
:1082800013F0020302D00699023106910899329D3B
:1082900011F0840805D10B9906980F1A002F00F3EE
:1082A0009E806AB101226260319A013201350DF17E
:1082B0009701072A32953192216000F3D683083462
:1082C0006BB1319B26AA013302352260072B4FF098
:1082D000020232953193626000F3BD830834B8F135
:1082E000800F00F0C182099B0C9A9F1A002F00F3A7
:1082F000FB82089BDA0500F121820C9B63601D4420
:10830000319B26600133072B3295319300F3428372
:108310000834089B5A0705D50B9B069A9E1A002E17
:1083200000F3B083DDE90A3206998A42ACBF9B189C
:108330005B180A93002D40F00E83002331930E9BAF
:108340001BB10E995846FFF7B1FA33AC564695E685
:1083500010930F9B073323F00703F3E802780F9382
:1083600028F000431F931E97DDE91E01A74B4FF035
:10837000FF32CDE91478F9F773F9002840F003854E
:10838000DDE91E01A14B4FF0FF32F9F74BF9002850
:1083900040F0F9840022002338464146F9F738F9C5
:1083A000002841F01E809DF89720089B984E23F0EE
:1083B00080030893974B10994729D8BF1E46002386
:1083C00003210E9306910C91099316931393119325
:1083D000002A3FF454AF069B013306934FE7102F5A
:1083E000319A41F33E82DFF830C2CDF868C02146B1
:1083F00028460D9C21934FF01009654604E0103F7C
:10840000102F01F1080115DD01321030072AC1E9F2
:108410000059CDE93120F2DD30AA2146584601F05D
:10842000B5FB002840F09F82103F102FDDE931207E
:1084300033A9E9DC219B0C46054601321A992160DB
:108440003D44072ACDE93125676000F3D5869DF8C4
:108450009720083425E70F9A1093432B02F1040567
:1084600003D0089BDA0640F11385082200212EA8CC
:10847000FFF776F80F9B43AE1A6831462EAB58468D
:1084800003F074F9034601330C9001F091820C9BC8
:1084900023EAE373069300220F958DF897200E923E
:1084A0000992169213921192E9E60F9F109357F8D2
:1084B000046B00238DF89730002E00F02785109B69
:1084C000532B00F0C086089B13F01003119340F06B
:1084D000BA86099B002BC1F24B8011991A4630468F
:1084E000F8F77EFB0E90002801F0A0820E9B1199F8
:1084F0009DF897200F979B1B0C9323EAE373069339
:1085000073230991169113910E91109360E71093C4
:10851000089B9B0650D50F9B073323F007031A4691
:10852000596852F8083B0F920A460029C0F2CD83E1
:1085300009990029C0F28082089921F0800553EA48
:10854000020140F07A82099A002A40F07B82089565
:108550000C925CAE5EE10F9B53F8042B0B92002A49
:1085600080F2DD830B9A0F9352420B92089B43F0EB
:10857000040308939AF80030AAE59AF80030682BB3
:1085800000F0AB84089A42F040020892A0E52B2349
:108590008DF897309AF800309AE5089B43F008036D
:1085A00008939AF8003093E51093089B43F010036A
:1085B0000893089B9B06AED408990F9ACF0652F8F1
:1085C000043B00F1CA8308994E0640F1B1860F9230
:1085D00043F3C03211461BB2A7E7089B9D0640F14A
:1085E000C1830F9B0A9A1B681A60D2175A600F9BAF
:1085F00004330F93564641E59AF800306C2B00F097
:108600006284089A42F01002089261E5FFFFEF7F52
:10861000F8D30008F4D30008BCD600080F9A089BD2
:1086200043F0020552F8043B0F9247F63002ADF8D2
:1086300098207820B14A1892022100221090002040
:10864000099E8DF89700002EC0F2CD8025F08000A5
:10865000089053EA020040F0C580002E40F0DC850F
:10866000002940F0398315F001030C9300F05C837E
:1086700030238DF86F310DF26F16CBE01093089B0D
:1086800043F010030893089B13F0200200F0F882D7
:108690000F9B073323F0070319465A6851F8083B2C
:1086A0000F91089921F480650021C8E71093089B79
:1086B00043F0100515F0200200F0F1820F9B073304
:1086C00023F0070319465A6851F8083B0F9101211E
:1086D000B5E7089B43F0800308939AF80030F7E46D
:1086E000504610F8013B2A2B01F01C82A3F1300206
:1086F000092A98BF002101F2F58010F8013B01EB37
:10870000810102EB4101A3F13002092AF5D941EAC6
:10871000E17209928246DDE4089B43F0010308936D
:108720009AF80030D4E49DF897209AF80030002A97
:108730007FF4CEAC20228DF89720C9E4109B652BE6
:1087400040F33281DDE9140100220023F8F756FFDF
:10875000002800F0D281319B694A22600133013543
:108760000122072B32953193626000F36085083453
:10877000279B129A934280F2CD82179B199A1D442F
:10878000C4E90023319B32950133072B319300F369
:108790008F830834129B5E1E002E7FF7BAAD102E19
:1087A000319BDFF8609140F3EB80DDF834801027D7
:1087B00004E00834103E102E40F3E28001331035FF
:1087C000072BC4E90097CDE93135F2DD30AA4146E7
:1087D000584601F0DBF9002840F0C580DDE931356D
:1087E00033ACE7E7089D012900F0278102295CAE40
:1087F0001FD1189803F00F011B09415C06F8011DF9
:1088000043EA0273120953EA0201F3D15CAB9B1BEA
:1088100008950C9309990C989DF8972081424FF088
:108820000003B8BF01460E9306911693139311935C
:10883000CEE503F00701DB0843EA4273D20830318A
:1088400053EA0207304606F8011DF2D1EF07DDD5E5
:108850003029DBD03023023806F8013C5CAB1B1A10
:1088600008950C930646D5E70B9B069A9F1A002F96
:108870007FF739AD102F319BDFF8889022DD2A4633
:108880004FF010084D46DDF8349004E0103F102FF3
:1088900004F1080414DD01331032072BC4E9005839
:1088A000CDE93132F2DD30AA4946584601F06EF981
:1088B000002858D1103F102FDDE9313233ACEADC0B
:1088C000A946154601333D44072BCDE93135C4F89F
:1088D0000090676000F3EC84099B0C9A9F1A002FAC
:1088E00004F108047FF705AD102F319BDFF81490D9
:1088F00025DD2A464FF010080D9D0AE004D400083B
:1089000034D40008ACD60008103F102F04F108043E
:1089100014DD0133B0491032072BC4E90018CDE94A
:108920003132F1DD30AA2946584601F02FF9D0B98D
:10893000103F102FDDE9313233ACEADC154601334C
:108940003D44072BCDE93135C4F80090676000F352
:108950008B810834CDE40D9930AA584601F016F900
:1089600000283FF4EAAC0E9B002B3FF461AC0E995B
:108970005846FEF79BFF0D9B9B8903F040035BE489
:1089800001333544072BC4F800906660CDE93135DA
:108990007FF7BEAC0D9930AA584601F0F7F80028D1
:1089A000E1D1329D33ACB4E4129B319F012B05F130
:1089B000010507F1010704F1080840F311810123C3
:1089C000072FCDE931752660636000F38981179B1D
:1089D000199A01371D44072FC8E90023CDE93175E5
:1089E00000F38B8108F10808129BDDE914015C1E7D
:1089F00000220023F8F702FE002840F00A81013728
:108A000001362544072FCDE93175C8F80060C8F854
:108A1000044000F3F18008F108081C9BC8F80430FA
:108A200001371D44072F2AABCDE93175C8F8003056
:108A3000B0DC08F108046CE4089D0A2B72F1000117
:108A400080F05A8330338DF86F31012308950C93F1
:108A50000DF26F16DEE60D9930AA584601F096F831
:108A6000002880D1329D33AC39E40D991A9330AA95
:108A7000584601F08BF800287FF475AF329D1A9BA1
:108A800033AC1DE4102E319B40F34087DFF84C914E
:108A9000DDF83480CDF86890102704E0103E102EE9
:108AA00004F1080415DD01331035072BC4E90097E4
:108AB000CDE93135F2DD30AA4146584601F066F87D
:108AC00000287FF450AF103E102EDDE9313533AC75
:108AD000E9DC01331A9A3544072BC4E90026CDE9B5
:108AE00031357FF71FAC0D9930AA584601F04EF88A
:108AF00000287FF438AF329D14E42799002940F311
:108B00004C83DDE911839845A8BF9846B8F1000F62
:108B10000ADD319B01334544072BC4E900683295D7
:108B2000319300F372860834119FB8F1000FA8BF8B
:108B3000A7EB0807002F00F3FA81119B3344099338
:108B4000089B5F0500F11A82279B129A9342C0F29C
:108B5000A482089AD00700F1A082129AB718D61AF8
:108B6000099BFF1AB742A8BF3746002F0ADD2360D2
:108B7000319B676001333D44072B3295319300F3FD
:108B8000A2860834002FA8BFF61B002E7FF7C1ABCA
:108B9000102E319BDFF840907FF7F2AEDDF8348085
:108BA000102704E00834103E102E7FF7E9AE0133A1
:108BB0001035072BC4E90097CDE93135F2DD30AA35
:108BC0004146584600F0E2FF00287FF4CCAEDDE9D4
:108BD000313533ACE7E700BFACD60008BCD600089F
:108BE000089BD9073FF5EBAE0123072FCDE931757F
:108BF000266063607FF711AF0D9930AA584600F0E8
:108C0000C5FF00287FF4AFAEDDE931750DF1CC086A
:108C100003E7129B012B7FF700AF112BDFF8849243
:108C200040F35B83CDF824A01026CA46DDF83490CB
:108C300005E008F10808103C102C40F34B83013785
:108C40001035072FC8E900A6CDE93175F1DD30AA4E
:108C50004946584600F09AFF00287FF484AEDDE9CB
:108C600031750DF1CC08E6E70D9930AA584600F0B1
:108C70008DFF00287FF477AE329D33ACFFF739BB10
:108C800008980F9910F0100051F8043B53D1089A3E
:108C900012F040054AD09BB202460F9101E50F99B0
:108CA00015F0100051F8043B0CD115F0400604D02B
:108CB0000F919BB202460121C1E415F400721CBF62
:108CC000DBB232460F910121B9E45B42089D62EBB1
:108CD00042022D200121B3E4099B0C935CAE99E57F
:108CE0000D9930AA584600F051FF00287FF43BAEA2
:108CF000DDE931750DF1CC0869E60D9930AA5846C9
:108D000000F044FF00287FF42EAEDDE931750DF14F
:108D1000CC0869E6089BDB077FF5FBAA2DE50F93DE
:108D20009AF80030FFF7D4B95CAE73E5089A12F4F4
:108D3000007240F009840F91B3E41B9A9AF8003056
:108D4000002A3FF4C5A91278002A3FF4C1A9089A65
:108D500042F480620892FFF7BBB90F92DA1711460E
:108D6000FFF7E3BB089BD80600F1AE82089B5906CB
:108D700000F1E483089B9A0540F1A6820F9B0A9AB2
:108D80001B681A7033E4DDE9140102460B46F8F75C
:108D900067FC002840F03886109B612B00F041856D
:108DA000412B00F06685099B013300F01184109B74
:108DB00023F02003472B00F0F1850E90DDE914121B
:108DC0000898002A40F48079C0F2088500231A939D
:108DD000DDE91423CDE92223109B413B252B00F232
:108DE0002A83DFE813F03B04280328032803FA034F
:108DF000C50428032803280328032803280328037D
:108E0000280328032803280328032803280328030A
:108E100028032803280328032803280328032803FA
:108E20002803280328033B04280328032803FA0304
:108E3000C504089D10933DE4109324E410931A4B4D
:108E40001893089B13F0200200F035810F9B073325
:108E500023F0070319465A6851F8083B0F91089808
:108E6000C1070BD553EA020108D010998DF899106B
:108E700040F00201089130218DF89810089921F4F2
:108E800080650221FFF7DBBB1093084B1893D8E7EE
:108E90000F9B1B688DF80C31012306930C9343AE96
:108EA000FFF7F9BAACD6000818D4000804D40008BB
:108EB0000D9930AA584600F069FE00287FF453ADA2
:108EC000329D33AC66E4089B43F0200308930AF11B
:108ED000010A9AF80030FFF7FBB8089B43F40073CF
:108EE00008930AF1010A9AF80030FFF7F1B840211F
:108EF0005846FEF7D7FD0D9B18601861002800F05A
:108F00002D860D9A40235361FFF7A6B8099B0E9654
:108F1000062B314628BF0623099632460693B24EE9
:108F20000F970C93169113911191FFF751BA102FCF
:108F3000319BDFF8B89240F30A8249462A46B1468F
:108F40000D9D4FF010080E4604E00834103F102F1E
:108F500040F3F98101331032072BC4E90068CDE9F1
:108F60003132F2DD30AA2946584600F00FFE0028C3
:108F70007FF4F9ACDDE9313233ACE7E7129BCDF891
:108F800040A006EB0309139BDDF86CA0DDF85880C8
:108F90001196002B22462946099C0D9DCDF8249060
:108FA000DDF8809031DDB8F1000F40F33A8108F12F
:108FB000FF3831981D9B013049440728C2E9003928
:108FC0003291319000F386800832099B9AF80000B4
:108FD0001F1B8742A8BF0746002F0CDD31980130C8
:108FE00039440728C2E900473291319000F3538198
:108FF0009AF800000832002FACBFC61B0646002EB0
:1090000015DC0444139B002BCDDCB8F1000FCEDC43
:10901000DDE911632046F318984228BF1846CDF8C1
:109020006CA01446DDF840A009900D468CE5102E8A
:1090300031986E4B23DD0C94102734461E4604E015
:10904000103C102C02F1080216DD0130674B103184
:109050000728C2E90037CDE93101F1DD30AA294600
:10906000584600F093FD00287FF47DAC103C102C96
:10907000DDE9310133AAE8DC334626460C9C136057
:10908000013031440728CDE93101566000F3AE8349
:109090009AF8000008320444B4E7179A1999154465
:1090A000C4E90012319A32950132072A319200F355
:1090B000CB83083451E508980F9910F0100051F84F
:1090C000043B17D1089A12F040050ED09BB202461D
:1090D0000F91C4E630AA2946584600F057FD0028F3
:1090E0007FF441AC329933AA6FE7089A12F4007208
:1090F00040F02F820F91B2E60C94DFF8F4901B9CA5
:10910000CDF820A005F480674FF0000C5CAE4FF066
:109110000508069505E00A2B72F1000234D3534688
:109120002A46991841F10001A9FB010525F0030029
:1091300000EB9500091A581A4FF0CC3562F1000E79
:1091400005FB00F5A0FB09A009FB0E550AF0010E76
:109150000544AEFB080E40184FEA5A0A303006F8B4
:10916000010C4AEAC57A0CF1010C013E6D08002F92
:10917000D1D021788C45CED1BCF1FF0FCBD00A2BBA
:1091800072F1000280F032811B94DDF820A0069D70
:109190000C9CCDF848C0FFF739BB319B154A2260C3
:1091A000013301350122072B32953193626000F3C0
:1091B00036810834002940F09C80089B129A03F005
:1091C000010313433FF4A5A8179B199A1D44C4E952
:1091D0000023319B32950133072B319300F3EB8150
:1091E00004F1080296E000BF2CD40008ACD60008B9
:1091F000CDCCCCCC34D400080D991A9330AA584663
:1092000000F0C4FC00287FF4AEAB9DF89720329D9F
:109210001A9B33ACFFF745B80129089D7FF4E6AAF5
:1092200010E4139B013B0AF1FF3A1393C1E60D9939
:1092300030AA584600F0AAFC00287FF494AB329D77
:1092400033ACFFF795BA0DF1B8080822002140466B
:109250002996FEF785F9099B002BC0F28580002531
:10926000069799462F460EE043A9584602F07EFA2B
:10927000431C384400F0A683484509DC05F1040589
:1092800000F0E1830746299A52594346002AEBD160
:109290000C97069F76E030AA2946584600F076FCE7
:1092A00000287FF460AB9AF80000329933AAA2E656
:1092B0000D9930AA584600F069FC00287FF453ABA2
:1092C000329D33ACFFF70FB80F9B0A9A1B681A60E8
:1092D000FFF78DB9D146DDF824A0C8F8009001371A
:1092E0002544072FCDE93175C8F804407FF793ABCB
:1092F00082E4179B199A1D44C4E90023319B3295DF
:109300000133072B319300F3568104F10802002941
:10931000C0F200831299166001330D44072BCDE98A
:10932000313551603FF736AB02F10804FEF7F1BF6B
:1093300008990F928D054ABF43F3C012DA175BB24A
:109340001146FFF7F2B8154632464E4691460133B4
:109350003D44072BCDE93135C4F80090676000F338
:109360001E810834FFF7E9BB00231946CDF80080C1
:1093700029AA584602F020FA034601330C9000F067
:10938000218329960C9B002B3DD0632B40F3038156
:10939000591C5846FEF786FB0646002800F0EC8371
:1093A0000E90082200214046FEF7DAF80C9DCDF819
:1093B00000802B4629AA3146584602F0FDF9854225
:1093C00040F0D4830C990F970023735421EAE17184
:1093D0009DF8972009930691169313931193FEF726
:1093E000F7BF2D228DF89720FEF7DFBF209B1D9938
:1093F000F61A1A46304600F013FD637803B10134C3
:109400004FF0000C8BE60C9B9DF897200F9706936E
:1094100009931693139311930E93FEF7D9BF0D99E9
:1094200030AA584600F0B2FB00287FF49CAA279986
:10943000329D33ACBEE6099B01932EAB049329AB5E
:10944000039327AB0293022300935846DDE92223BE
:1094500000F066FE089BD907064600F106822E9BA7
:109460001B1A1293279B1193119BDA1C03DB099A99
:109470009A4280F29281109B023B1093119B013B18
:109480009DF8402027930021002BB8BF119B8DF839
:10949000A820BABFC3F101032D222B22092B8DF87E
:1094A000A92040F363820DF1BF05B34F2A46104651
:1094B000A7FB0312D20802EB8201A3EB410130317A
:1094C00000F8011C19466329134600F1FF32EEDC57
:1094D000303302F8013C831EAB4280F03C830DF137
:1094E000A90213F8011B02F8011FAB42F9D15CABD2
:1094F000181AA0F1AD031C93129B1C9A012B1A445D
:109500000C9240F36A820C9B179A13440C93089BAD
:109510000C9A23F4806343F48073089322EAE27286
:10952000002316930692139311931A9B002B40F07D
:109530002D819DF897200993FEF74ABF0F9B0A9A49
:109540001B681A80FFF753B8DBB22A460F91FFF76A
:10955000A8B8DBB22A460F9181E40D9C30AA2146BF
:10956000584600F013FBA38903F04003FEF764BEE6
:109570003046F7F7C5FA119B099320EAE07116937C
:1095800013930E9373239DF897200C900F970691D9
:109590001093FEF71DBF00230E9343AE01E70D9914
:1095A00030AA584600F0F2FA00287FF4DCA9329D78
:1095B00033ACFFF7C2BA0D9930AA584600F0E6FA6C
:1095C00000287FF4D0A9DDE93135279933AA9EE63A
:1095D00006230E900993FFF7F1BB099B03F10108E5
:1095E0000223CDE900382EAB049329AB039327ABBC
:1095F00002935846DDE9222300F092FD109B23F0F0
:109600002007462F064600EB080518BF452705D161
:109610003378302B00F02F81279B1D44DDE9220198
:1096200000220023F7F7EAFF002840F060812E9B1C
:10963000AB4206D230215A1C2E9219702E9B9D42AD
:10964000F9D8279A11929B1B472F12933FF40CAF26
:10965000462F00F01E81119B013B11E727AADDE98F
:10966000220100F04FFC00224FF07F53F7F75EFD20
:1096700002460B46CDE9062300220023F7F7BEFF82
:1096800008B101232793099B3C4A1098CDF830A0DC
:10969000591E3B4B1196612808BF1A463746A04613
:1096A0000992DDE906458A46164609E000220023B4
:1096B0000AF1FF39F7F7A2FF002840F09581CA466A
:1096C000304B002220462946F7F730FD0D46044670
:1096D000F7F7DCFF8146F7F7BFFC02460B46204652
:1096E0002946F7F76BFB16F80930BAF1FF3F3A4607
:1096F000044607F8013B0D46D8D1CDE90645224B7B
:10970000DDF830A0119E4446904600224D46F7F702
:109710009DFF002800F01282099BCDF8B880D97B0C
:1097200017F8012C91423B4609D1302003F8010C77
:109730002E9B5A1E2E9213F8012C9142F6D0392AF4
:109740000BBF099A0132927AD2B203F8012C3B4640
:109750009B1B109A1293279B1193612A03F1FF33ED
:10976000279300F0C18141215022109101218BE605
:10977000DDF82480032334E7CDCCCCCC18D400080A
:1097800004D40008000030400000E03F2D220023F8
:109790008DF897200993FEF71EBEDDE91123934251
:1097A00000F3A980089B13F0010F119B00F01A81B0
:1097B000179A13440C93089B5F0503D5119B002B4C
:1097C00000F356810C9B23EAE373069367231093FF
:1097D0000023CDF8209016931393A6E602F10043E0
:1097E00023932D2322911A93FFF7F6BA30AA294624
:1097F000584600F0CBF900287FF4B5A89AF800008D
:10980000329933AA0444FFF7FDBB0D9930AA58469C
:1098100000F0BCF900287FF4A6A8329D33ACFFF716
:1098200083B978238DF89930089B43F0020308939D
:1098300030238DF89830099B632B00F3A68000231A
:109840000E9343AEFFF7BABA0D9930AA584600F00E
:109850009DF900287FF487A8279B329D33ACFFF742
:109860007CB9A6491A91FEF7E8BD099B4727C518A0
:10987000D4E65823D6E7DDE9220100220023F7F7DA
:10988000BDFE002800F02C81279B11931D44AB1BCB
:109890001293089B1199099A03F00103002943EAE6
:1098A000020340F32381002B40F0DB80119B0C93DB
:1098B00066231093089B5B0500F1DC800C9B23EA78
:1098C000E373069384E70D9930AA584600F05EF9D9
:1098D00000287FF448A8279E129B329D9E1B33AC24
:1098E000FFF750B9002282460992FEF7F3BB279A90
:1098F00011922B46A7E6129B179A9A18119B0C926D
:10990000002B40F3A48067231093D3E77B4A1A927D
:10991000FFF7DFB84F421031DFF8E491B8BF1024F1
:1099200004DB17E00832103F102F13DD0133103530
:10993000072BC2E90094CDE93135F3DD0D9930AA4A
:10994000584600F023F900287FF40DA8DDE93135F1
:1099500033AAE8E701333D44072BCDE93135C2F89E
:109960000090576000F3B0800832D3E4002940F043
:10997000A88030228DF8AA200DF1AB02303302F816
:10998000013B2AABD31A1C93B6E5591C5846FEF787
:1099900089F8064660B10E90FFF710BA099B002BBC
:1099A0007FF40BAA099B0E9301230993FFF706BAD4
:1099B0000D9A938943F0400393814FF0FF330A934C
:1099C000FEF73DBC0D9BB3F90C3000220E9243F024
:1099D00040030D9A9381FEF7C6BF089BDB077FF516
:1099E00096AD90E50C93E6E651460029DDF830A0EF
:1099F000119E4446FFF6ABAE4B1C3B44302207F8A9
:109A0000012B9F42FBD1A3E6159B3E4E002B089BEA
:109A1000A8BF9DF8972023F08003B8BF2D2208939C
:109A2000B8BF8DF89720384BFEF7C5BC099B06934D
:109A30000C9373239DF897200F970990169013901D
:109A40001093FEF7C5BC099B069F0C939AE4C3F1E3
:109A500001031A4422EAE273069367230C921093DF
:109A6000B6E6179B1A4453180C936623109321E70C
:109A7000672310931B990B78FF2B73D00025119A45
:109A8000284603E001300131FF2B08D0934206DA6B
:109A9000D21A4B78002BF5D10B780135F4E71B91E6
:109AA000119213901695169A139B2099CDF8209039
:109AB00013440C9A01FB03230C9323EAE3730693EC
:109AC00033E50DF1AA0259E70D9930AA584600F086
:109AD0005DF800287EF447AFDDE9313533AA19E49B
:109AE000C8F10103279398E570223FE673B901237B
:109AF0006622069310920C936AE600BFBCD600085B
:109B0000ACD6000800D40008FCD30008179B03F172
:109B10000108099B43440C9323EAE37306936623ED
:109B2000109355E60F9A9AF8013052F8041B0F92E1
:109B300041EAE17182460991FEF7CABADDE9060100
:109B4000114B0022F7F75AFD00283FF400AEE8075A
:109B50007FF5FDADE0E502231C93CDE40C23CBF8AB
:109B600000302AE70023169313939CE70D9BB3F96B
:109B70000C3043F040032CE70D9B0E90B3F90C30F2
:109B800043F0400325E700BF0000E03F2DE9F84324
:109B9000154692682C68FAB180468946083401E07F
:109BA0000834CFB16B68591E002B1746696013DD6E
:109BB00054F8046C002EF3D0334654F8082C494670
:109BC000404601F007FE431C07D0AA68921B1746C7
:109BD000AA600834002FE5D100200023C5E9013335
:109BE000BDE8F88370B500293FD006460C4610B199
:109BF000436B002B3CD0636EB4F90C20DD0732D4EC
:109C0000900538D52146304600F04CF8E36A054609
:109C100033B1E169304698470028B8BF4FF0FF35AF
:109C2000A3891A0639D4216B41B104F1400399424A
:109C300002D03046FDF73AFE00232363616C21B168
:109C40003046FDF733FE00236364FDF7D7FB636EF8
:109C50000022DB07A2811CD5A06DFDF757FDFDF7A3
:109C6000D3FB284670BD002ACCD10025284670BD04
:109C7000FDF7A6FBBFE7A06DFDF74AFDB4F90C3078
:109C8000002BBFD1636ED907EFD4A06DFDF742FD65
:109C9000EBE7A06DFDF73EFDDEE721693046FDF7FD
:109CA00005FEC0E7B1F90C20F8B516070C460746CB
:109CB00049D4496842F400630029A3815FDDA56AA5
:109CC000002D3ED0002112F480523E683960E169D7
:109CD00061D101233846A847451C02466BD0B4F930
:109CE0000C30A56AE169580705D56368D21A236B61
:109CF0000BB1E36BD21A00233846A847411C4CD164
:109D00003968B4F90C301D293FD82F4ACA40D20710
:109D10003BD52269226023F40062A281DD044FF06A
:109D20000002626001D5002943D0216B3E6041B141
:109D300004F14003994202D03846FDF7B7FD0023F5
:109D400023630020F8BD0E69002EFAD00D680E6066
:109D500092070CBF4B690023AD1B8B600CE0D4F85D
:109D600024C0E1692B4632463846E047B0F1000C8A
:109D7000A5EB0C05664406DD002DF0DCE1E7E16BA8
:109D800000299CDCDDE7B4F90C3043F04003A381EB
:109D90004FF0FF30F8BD226DA5E7B4F90C30226911
:109DA000226023F40062A281DB044FF000026260B3
:109DB000BBD52065B9E73B68002B90D01D2B01D0A7
:109DC000162BE0D13E60BCE70100402038B50C46C0
:109DD000054608B1436B03B3B4F90C0088B1636E58
:109DE000DB0701D481050FD528462146FFF75AFF2E
:109DF000636EDA07054602D4A3899B0508D5284679
:109E000038BD0546284638BDA06DFDF781FCEBE75F
:109E1000A06DFDF77FFC284638BDFDF7D1FADBE7E2
:109E200040EA01039B0710B501D1032A17D88446E5
:109E300001F1FF3E07E01EF8011F03F8011B541E4D
:109E400029B19C4622466346002AF4D110BD9444B1
:109E5000002CFBD003F8011B6345FBD110BD8E46DF
:109E60008446DEF80040A4F1013323EA040313F032
:109E7000803F71460EF1040EDAD1043A032A4CF801
:109E8000044BEED87146D3E7014B93F82801704795
:109E900068060024004870475807002438B5074D6D
:109EA0000022044608462A60F7F76EFE431C00D0E5
:109EB00038BD2B68002BFBD0236038BD142700244D
:109EC00038B5074D074C2C1BA41005D0013C55F8A4
:109ED000043D9847002CF9D1BDE8384003F03ABA68
:109EE000FCD70008F8D70008082802D14FF48050AA
:109EF000704708B5FDF7DAFB162303604FF0FF301B
:109F000008BD00BFDFF85CC0F8B521F000430027B2
:109F1000634504460D461646176020D8844653EA2A
:109F20000C0C1CD0DFF840C001EA0C0C0A46BCF156
:109F3000000F09D10D4B0022F7F7F8F86FF0350745
:109F400004460A4621F000431B156FF31E52A3F28C
:109F5000FE3342F07F553B4445F400153360204604
:109F60002946F8BDFFFFEF7F0000F07F000050435F
:109F70002DE9F8431B4D0646286898460F46914642
:109F8000FDF7C6FB184B1C681CB3286865681F2DBD
:109F900022DC4EB96B1C0235636044F82570FDF776
:109FA000B9FB0020BDE8F88304EB85010123C1F86B
:109FB0008890D4F88821AB401A43022EC4F8882137
:109FC000C1F80881E6D1D4F88C211A43C4F88C2159
:109FD000E0E7064C1C60D8E7FDF79CFB4FF0FF3034
:109FE000E0E700BF50020024242700245C2700245F
:109FF0002DE9F04F03690C69A34283B0C0F28A8057
:10A00000013C01F1140500F1140855F8243058F80A
:10A01000242001339A428E4681464FEA840105EBA3
:10A02000840708EB840AB2FBF3F63AD3CDE90015B6
:10A030000022AC46404613465CF8041B05681FFA34
:10A0400081FB06FB0B22090C4FEA124B06FB01BBFE
:10A0500092B2A9B2891A19441FFA8BF3C3EB2143B8
:10A0600003EB154389B241EA0341674540F8041BFD
:10A070004FEA1B424FEA2343DED2DDE9001558F8D0
:10A08000013073B9AAF1040AD04504D307E0D045E2
:10A0900004F1FF3403D25AF80439002BF7D0C9F881
:10A0A00010407146484601F019FA00282EDB41465F
:10A0B000002255F8040BD1F800C01FFA80FE1FFAE9
:10A0C0008CF3A3EB0E031344020CC2EB234202EB0E
:10A0D0001C429BB243EA0243AF4241F8043B4FEAC1
:10A0E0002242E6D258F8242008EB84036AB9043BE4
:10A0F000434504D807E0984504F1FF3403D253F8F0
:10A100000429002AF7D0C9F810400136304603B0C0
:10A11000BDE8F08F002003B0BDE8F08F0000000024
:10A120002DE9F04F816B9BB016461F46CDE90667BF
:10A13000279D049049B1C26B4A60012393400446B5
:10A140008B6000F069FF0023A363B7F10009B4BF7F
:10A15000012300232B60784BBCBF29F00049CDF8C8
:10A160001C9033EA090300F0AD80DDE906340022DB
:10A17000184621460023CDE90201F7F73FFA804651
:10A1800068B1269A01231360289B13B1289A6B4B60
:10A1900013606B4B059305981BB0BDE8F08F18ABAF
:10A1A000019319AB00930498DDE9022301F072FAE0
:10A1B0005FEA1955824640F09B80DDE918854544E9
:10A1C00005F23243202B40F38D83C3F1400309FA9B
:10A1D00003F905F2124326FA03F349EA0300F6F7FE
:10A1E0002BFF0123013DA1F1F8711093554B002283
:10A1F000F6F7E4FD4AA3D3E90023F6F797FF4AA355
:10A20000D3E90023F6F7DCFD064628460F46F6F7AD
:10A2100023FF47A3D3E90023F6F788FF02460B4646
:10A2200030463946F6F7CCFD06460F46F7F72EFACC
:10A23000002204460890002330463946F7F7E8F933
:10A24000002840F02583089CA8EB050808F1FF339F
:10A25000162C099300F28B813B4B03EBC403D3E92B
:10A260000023DDE90201F7F7D3F9002872D0631E5D
:10A27000089300230F9308F1FF33002BC0F27E8177
:10A2800000230A93089B002B6ADA089B0A9A0B9317
:10A29000D21A0A925A4200230893249B0E92092B49
:10A2A00068D8052B40F32383043B24930025249B8B
:10A2B000023B032B00F23586DFE813F071046E04D5
:10A2C00065044904269AC9F3130942F20F7359EA47
:10A2D000060913601CD1289B002B00F042861B4B03
:10A2E00005930833289A059813601BB0BDE8F08FDA
:10A2F000DDE90212C2F31303084643F07F51CDF8A3
:10A300004080A5F2FF35DDF8608041F440116DE733
:10A31000289B002B40F0F6830D4B05933BE700BFD5
:10A3200061436F63A787D23FB3C8608B288AC63F5B
:10A33000FB799F501344D33F0000F07F35D40008D1
:10A3400034D400080000F83F00D700087CD400088F
:10A3500088D40008B8F1000F40F3A6840F900A904B
:10A36000DDE908231344099300230E93249B0B92E9
:10A37000092B96D90023CDE9243301250C954FF004
:10A38000FF3B049BCDF844B00021D963049800F052
:10A390001DFE0590002800F0CD85DDE90432BBF1FB
:10A3A0000E0F9A6300F21981002D00F016810B99AF
:10A3B000002940F34984B44B01F00F0203EBC203C0
:10A3C000C805D3E900894FEA211540F10B84AF4B52
:10A3D000DDE90201D3E90823F6F7D2FFCDE9120146
:10A3E00005F00F0503277DB1A84EE90708D54046C3
:10A3F0004946D6E90023F6F799FE0137804689469B
:10A400006D1006F10806F0D142464B46DDE9120117
:10A41000F6F7B6FF804689460F9B43B19C4B00225E
:10A4200040464946F7F7F4F8002840F00A853846D8
:10A43000F6F712FE42464B46F6F778FE954B0022A1
:10A44000F6F7BEFCA1F15073CDE912011393BBF1F5
:10A45000000F00F0A9800B9BCDE916B3494640469A
:10A46000F7F714F98849169C01EBC40353E902126B
:10A470000546CDE91412F6F7EFFD0B4602464946B4
:10A480004046F6F79BFC059F0C9B30357E1CECB2DA
:10A49000804689463546002B00F06E84DDE91423A2
:10A4A0007D490020F6F76CFFDDE91223F6F786FC04
:10A4B0003C7042464B4604460D46F7F7C7F8002865
:10A4C00040F0B784CDF850B00027DDF858B0CDF893
:10A4D00048A02BE001375F4580F2FD846F4B20469A
:10A4E00029460022F6F722FE6C4B002204460D4658
:10A4F00040464946F6F71AFE89468046F7F7C6F801
:10A500008246F6F7A9FD02460B4640464946F6F755
:10A5100055FC0AF1300A06F801AB22462B4680466C
:10A520008946F7F775F8002840F0D28442464B463A
:10A5300057490020F6F742FC22462B46F7F768F809
:10A540000028C7D0179BDDF848A0059A374603F1CD
:10A55000010802E0974200F09A843E4617F8013D58
:10A56000392BF7D00133DBB23B7045467FE1012345
:10A570000F9308F1FF33002BBFF682AEC8F1010341
:10A580000A93002309937DE63846F6F765FD4246B7
:10A590004B46F6F7CBFD3F4B0022F6F711FCA1F13D
:10A5A0005073CDE9120113933D4B002240464946BA
:10A5B000F6F704FCDDE9124522462B4606460F4617
:10A5C000F7F744F8002840F07184304639462246B7
:10A5D00005F10043F7F71CF828BB199B002BC0F2CC
:10A5E00091800B9A0E2A00F38D80274B0B9A03EB78
:10A5F000C203D3E90034CDE90634259B002B19DAD8
:10A60000BBF1000F16DC0ED1254B0022DDE906015F
:10A61000F6F78CFD02460B46DDE90201F7F702F87A
:10A62000002800F043840023059E02931F46259BCB
:10A63000DD432EE2059B5D1CDDE90678DDE90201C4
:10A640003A464346F6F79CFEF7F720F80646F6F73B
:10A6500003FD3A464346F6F769FD02460B46DDE93F
:10A660000201F6F7ABFB059A06F13003BBF1010FCF
:10A670002F46137000F023830125CDF808A0A846CB
:10A68000DDE9069A2CE000BF00D70008D8D6000804
:10A690000000F03F00001C400000E03F00002440AC
:10A6A000000014404A46534620462946F6F768FE05
:10A6B000F6F7ECFF0646F6F7CFFC4A465346F6F7A8
:10A6C00035FD08F101080B46024629462046F6F7FB
:10A6D00075FB06F13003D84507F8013B00F0ED8229
:10A6E000844B0022F6F722FD0022002304460D468B
:10A6F000F6F784FF0028D5D00B9DDDF808A00135C2
:10A700003E46B4E00C9A002A40F0D88000230E9E0A
:10A710000A9D0C931F4665B1099900290B4608DD77
:10A720000A9AA942A8BF2B46D21AED1ACB1A0A924E
:10A7300009930E9B53B10C9B13B1002E40F0F8828D
:10A7400051460E9A049800F0F7FD824604980121C4
:10A7500000F00EFD089B0290002B40F0BE81249B70
:10A76000012B40F3D4810120099A104410F01F00FE
:10A7700000F09B80C0F12003042B40F3E3810A9B8F
:10A78000C0F11C00034402440A93054409920A9B49
:10A79000002B05DD514604981A4600F027FE82463C
:10A7A000099B002B05DD029904981A4600F01EFE55
:10A7B00002900F9B002B40F07581BBF1000F40F31E
:10A7C0004C810C9B002B40F0A4800B9D0135DDF8E3
:10A7D0001480029CDDF81090012607E0514600230A
:10A7E0000A22484600F022FC0136824621465046A5
:10A7F000FFF7FEFBB34500F1300008F8010BEDDC7C
:10A80000BBF1000F059BCCBF5E460126814603EBE2
:10A81000060B002451460122049800F0E7FD02993E
:10A82000824600F05BFE002840F3EF81059A02E0CB
:10A83000934500F004825E460BF1FF3B16F8013CA5
:10A84000392BF5D001338BF80030DDF810800299F8
:10A85000404600F0E1FB57B12CB1BC4203D0214689
:10A86000404600F0D9FB0498394600F0D5FB049827
:10A87000514600F0D1FB00233370269B1D60289BBE
:10A88000002B3FF488AC05981E601BB0BDE8F08F2C
:10A890002046F6F7E1FB32463B46F6F7AFFE0028CE
:10A8A0007FF4D1AC631E0893CDE41C230A9A1A44AA
:10A8B0000A92099A1A441D44099268E7249A012AC7
:10A8C00040F3AE810E9B0BF1FF36B342C0F26A81BA
:10A8D000BBF1000FA3EB060680F2EC820A9BA3EB10
:10A8E0000B056DE1C3F1200306FA03F077E40125BF
:10A8F000DDE400BF000024403946002304980A220A
:10A9000000F094FB119B002B074640F3FC820B9652
:10A910009B46002D05DD394604982A4600F066FD69
:10A920000746089B002B40F0E781B846059E731E42
:10A9300003EB0B04069B0A9403F00103049C0C93A5
:10A9400002995046FFF754FB39468346504600F0C3
:10A95000C5FD029905464246204600F0DFFDC3686A
:10A960000BF130090146ABBB0990504600F0B6FD33
:10A9700009990890204600F04FFB089A002A54D10C
:10A98000249B1BB90C9B002B00F0AB82002D3FDBFE
:10A990000A9BB3469E420BF8019B00F0C4815146CE
:10A9A00000230A22204600F041FB474582463946F3
:10A9B0004FF000034FF00A02204630D000F036FB83
:10A9C0004146074600230A22204600F02FFB5E4640
:10A9D0008046B5E7049800F01FFB002D06DB069BC0
:10A9E00003F00102249B1D432A4329D15146012231
:10A9F000049800F0FBFC0299824600F06FFD0028ED
:10AA000040F3F780B9F1390F00F046820BF13109BC
:10AA10000B9D06F8019B3C460135474615E700F0C3
:10AA200005FB5E46074680468AE7002DC0F290820D
:10AA3000249B1D430C9B1D4300F08A82002AA7DD46
:10AA4000B9F1390F00F028820B9D09F101033C4652
:10AA500006F8013B01354746F7E6249B022B7FF7BA
:10AA6000B0AEBBF1000F40F02681029904985B461E
:10AA7000052200F0DBFA01460290504600F02EFD60
:10AA8000002840F31881059E0B9D312306F8013BF9
:10AA900001350299049800F0BFFA0135002F7FF4C8
:10AAA000E2AEE4E60299504600F018FD0028BFF639
:10AAB00084AE5146002304980B9C0A2200F0B6FA9B
:10AAC0000C9B661E8246002B7FF416AF119B002B59
:10AAD00040F30E820B9D9B4679E601461A46049888
:10AAE00000F02AFC249B0290012B6FDD00230893C9
:10AAF000029A136902EB8303186900F0E7FAC0F1C8
:10AB0000200031E6984B05930333FFF7EBBB069B20
:10AB1000002B7FF428AEDDE90612C2F31303002BED
:10AB20007FF421AE914B134033B10A9B01330A935A
:10AB3000099B013309930123089A0893002A3FF4E3
:10AB400012AED5E73FF423AEC0F13C03AEE60123DD
:10AB50000C93259B0B9A134403F1010B5E46012EC7
:10AB60001193B8BF0126172E40F3F681012204236A
:10AB70005B0003F11400B042114602F10102F7D963
:10AB8000049BD96302E401230C93259B002B37DD42
:10AB900011939B461E46E6E700230C93D9E700235A
:10ABA0000C93F2E70E9B089A0E96F31A1A44099B2F
:10ABB00008925B4409930A9B1D465B440A93002656
:10ABC0000498012100F0D4FA0746A4E5069B002B67
:10ABD0008CD1DDE90601C1F313030A46002BA1D095
:10ABE000089085E7DDE902340227CDE91234FFF74A
:10ABF000FABB7FF40DAF19F0010F7FF403AF07E745
:10AC0000012325939B46FFF7BCBB03D119F0010F2D
:10AC10007FF40CAE5E461BF8013D302BFAD014E6F3
:10AC2000109A002A00F09C8003F23343099A0E9E8A
:10AC30001A4409920A9A15461A440A92C0E7059ADC
:10AC400031230135137000E600F0F6800B9A484B73
:10AC5000554205F00F0203EBC203D3E90023DDE9FF
:10AC60000201F6F763FA2D11CDE9120100F05481CB
:10AC7000404E0023022780468946EA0709D5D6E9D7
:10AC8000002340464946F6F751FA01378046894687
:10AC900001236D1006F10806EFD1002B7FF4BCAB49
:10ACA000DDE91289FFF7B8BBC8F1010309900A93E7
:10ACB0000F90FFF755BB059EB9E4DDF808A00246EA
:10ACC0000B46F6F77DF80B9DCDE9020101350246F2
:10ACD0000B46DDE90601A846F6F79AFC40B9DDE926
:10ACE0000223DDE90601F6F789FC18B1F30701D567
:10ACF000059A32E43E46BAE57968049800F066F9B0
:10AD00000546002800F01D813B6902339A0007F1D7
:10AD10000C010C30F5F7B4FF04982946012200F02D
:10AD200065FB804602E60B9D3C460135474671E5D2
:10AD3000049C39463246204600F0FEFA524601464F
:10AD40000746204600F042FA51468046204600F071
:10AD500063F90E9B9B1BC2460E933FF4F7ACEFE4E6
:10AD6000189BC3F1360361E788D400080000F07F28
:10AD700000D70008D8D60008DDE91423DDE9120168
:10AD8000F6F7D4F9059B1C70169B012BCDE90C013D
:10AD900000F0C080169F059B1F447A4B002240465E
:10ADA0004946F6F7C3F989468046F6F76FFC044634
:10ADB000F6F752F9303402460B4640464946F5F75D
:10ADC000FDFF06F8014BBE4280468946E5D16E4B39
:10ADD0000022DDE90C01F5F7F3FF02460B46404681
:10ADE0004946F6F733FC00286CD1DDE90C236649AF
:10ADF0000020F5F7E3FF02460B4640464946F6F7CA
:10AE000007FC80B9199B002BFFF680AC0B9B0E2B27
:10AE10003FF77CAC5D4B0B9A03EBC203D3E90034E4
:10AE2000CDE9063408E43E46013F16F8013C302BDC
:10AE3000F9D0179D01351AE5DDE902890227FFF7F0
:10AE4000EBBABBF1000F3FF49FAB119C002C7FF7D6
:10AE5000C4AB0B9B013B0022404649461793494B2C
:10AE6000F6F764F980468946781CF6F7F5F842460D
:10AE70004B46F6F75BF9464B0022F5F7A1FFA1F12F
:10AE80005073CDE9120116941393FFF7E7BA08F156
:10AE900001083123FFF768BB0B9D059AB3463923A0
:10AEA0003C460BF8013B01354746C4E400230293BE
:10AEB0001F46E8E5099B5B4409930A9B1D465B44DA
:10AEC0000A937DE6179B059A03F10108FFF745BB3E
:10AED000DDF848A0ADE7DDF848A0DDF850B0FFF799
:10AEE0007CBBB9F1390FD7D0002D3FF78FAD8FE57F
:10AEF000249B022B03DC0B9DDDF844B067E4DDF8F6
:10AF000044B00B96ADE5249B022BF8DCDDF844B091
:10AF10000B96FEE437465AE7DDE912890227FFF770
:10AF20007BBA049B0025DD632946184600F04EF8E5
:10AF30000590D0B9174B1848002240F2AF1100F02D
:10AF400029FD144B14482A4640F2EF2100F022FD5F
:10AF5000002A3FF74BAD5BE5049B0021D963FFF767
:10AF600015BA0E4B0593FFF716B9DDE904324FF021
:10AF7000FF3B9A6301232595CDF844B00C93FFF76E
:10AF80002CBB00BF000024400000E03F00D70008B9
:10AF900000001C408CD40008A0D400087CD4000819
:10AFA00082B049B15AB16BB113780B601278101EA0
:10AFB00018BF012002B0704701A9002AF3D1104642
:10AFC00002B070476FF00100F4E700BF436C70B54A
:10AFD00005460C464BB153F8240080B1026843F893
:10AFE00024200023C0E9033370BD2122042100F096
:10AFF000F1FC034668640028EDD1002070BD0121FA
:10B0000001FA04F6721D9200284600F0E3FC0028C5
:10B01000F3D0C0E90146E4E731B1436C4A6853F824
:10B020002200086043F82210704700BF2DE9F0416C
:10B030000D6907460E461C4601F1140E0020DEF88D
:10B0400000108BB202FB03434FEA134C090C02FBC6
:10B0500001CC01309BB203EB0C4385424EF8043B1C
:10B060004FEA1C44EBDC3CB1B368AB4207DD06EBB6
:10B07000850301355C6135613046BDE8F08171685A
:10B0800038460131FFF7A2FF8046A8B1326902328B
:10B0900006F10C0192000C30F5F7F2FD7B6C726842
:10B0A00053F82210316043F82260464606EB8503D0
:10B0B00001355C613561DFE7024B03484246BA2146
:10B0C00000F068FC8CD40008FCD40008B0F5803F88
:10B0D000034636BF030400201020B3F1807F3CBF3D
:10B0E0001B020830B3F1805F3CBF1B010430B3F199
:10B0F000804F03D3002B06DB013070479B0003D445
:10B100005B0003D420207047023070470330704743
:10B11000036813F00702014607D0DA071FD4980727
:10B1200021D55B080B600120704798B2A0B1104692
:10B13000DAB20AB908301B0A1A0704BF1B09043027
:10B140009A0704BF9B080230DA0703D45B0800F1BA
:10B15000010006D00B6070471B0C1020E8E70020B0
:10B160007047202070479B080B600220704700BF8B
:10B1700038B5436C04460D464BB15868B0B102680F
:10B180005A6000220123C0E90323456138BD212212
:10B19000042100F01FFC034660640028EDD1094B38
:10B1A0000948002240F2451100F0F4FB1C22012165
:10B1B000204600F00FFC0028F1D001220223C0E954
:10B1C0000123DEE78CD40008FCD400082DE9F04F01
:10B1D000D1F810801569A84585B00E46924605DB6A
:10B1E0002A46534645468A4690461E46DAF80830B7
:10B1F000DAF8041005EB0804A342B8BF0131FFF7E9
:10B20000E5FE8446002800F08B8000F1140707EB70
:10B21000840E774505D23B46002243F8042B9E4519
:10B22000FBD8143606EB88080AF11409464509EBE9
:10B23000850566D2A5EB0A03153B23F003030AF14B
:10B24000150A043355452CBF9B464FF0040BCDF82F
:10B2500008E00394AE46E24605E0090C2AD1B04569
:10B2600007F104074AD956F8041B8DB2002DF4D01B
:10B27000CC463C46002301965CF8040B216886B25C
:10B280008AB2000C05FB0622090C1A4405FB0011CA
:10B2900001EB124192B242EA0142E64544F8042B26
:10B2A0004FEA1143E8D8019E47F80B3056F8041CCA
:10B2B000090CD4D03B68002248461D463C469446C3
:10B2C000028801FB02C202EB15429BB243EA024331
:10B2D00044F8043B50F8043B25684FEA134CABB2EA
:10B2E00001FB0C3303EB124370454FEA134CE7D3D9
:10B2F000B04547F80B3007F10407B4D8DDE902E4A4
:10B30000D446002C02DC05E0013C03D05EF8043D8D
:10B31000002BF9D06046CCF8104005B0BDE8F08FA6
:10B32000034B044862464FF4B17100F033FB00BF99
:10B330008CD40008FCD4000812F003032DE9F0417E
:10B34000144607462CD10D46A4101CD03E6C86B383
:10B35000E3074FF0000806D4641014D03068A8B199
:10B360000646E307F8D5324629463846FFF72EFF52
:10B3700035B17B6C696853F821202A6043F821506D
:10B3800064100546EAD12846BDE8F08132463146D0
:10B390003846FFF71BFF3060C0F800800646E0E744
:10B3A000013B0F4A52F823200023FFF73FFE0546DA
:10B3B000CAE701213846FFF709FE064640B10123DE
:10B3C00040F27122C0E90432002338640360BFE711
:10B3D000044B0548324640F2451100F0DBFA00BF4D
:10B3E000CCD600088CD40008FCD400082DE9F04726
:10B3F0000C4690462769A368496807EB62177D1CD5
:10B400009D4206464FEA621904DD5B009D4201F150
:10B410000101FADC3046FFF7D9FD8446002851D0FF
:10B42000B9F1000F00F114000EDD09F105024FEA39
:10B43000820E03460CEB8202002143F8041B934268
:10B44000FBD1AEF114031844216904F1140318F080
:10B450001F0803EB81012DD0C8F1200986464FF06B
:10B46000000A1A6802FA08F242EA0A024EF8042BAD
:10B4700053F8042B994222FA09FAF2D80B1B153B18
:10B4800023F00303043304F11502914238BF04236F
:10B4900040F803A0BAF1000F00D13D46736C62681A
:10B4A000CCF8105053F822102160604643F8224037
:10B4B000BDE8F087043853F8042B40F8042F994274
:10B4C000F9D8EAE7034B044862464FF4EF7100F005
:10B4D00061FA00BF8CD40008FCD400080B698446D4
:10B4E0000069C01A15D10CF1140C14310CEB830255
:10B4F00010B401EB830301E0944508D252F8044DE7
:10B5000053F8041D8C42F7D004D24FF0FF3010BC2A
:10B5100070477047012010BC704700BF2DE9F04F05
:10B5200015460A692B69D21A002A83B0884640F072
:10B53000878001F1140605F1140101EB830106EB8C
:10B54000830301E09E427ED253F8044D51F8042D4E
:10B550009442F7D075D32B46002445469846696837
:10B56000FFF734FD8146002800F089802E69C46011
:10B57000D8F8100005F1140B08F1140E09F1140AA3
:10B5800005F110020EEB80000BEB860157464FF0E1
:10B59000000CCDF804B05EF8044B52F8045F1FFABB
:10B5A00084FBABB2A3EB0B03240C6344C4EB154444
:10B5B00004EB23449BB243EA0443704547F8043B41
:10B5C0004FEA244CE7D8A0EB080208F115084045E3
:10B5D000A2F1150234BF0020012092080028DDF8F6
:10B5E00004B002F101044FEA840408BF04240BEB09
:10B5F0000405A942544433D92746284650F8043B51
:10B600001CFA83FE1A0C634402EB2E429BB243EAFF
:10B610000243814247F8043B4FEA224CEED80139FD
:10B62000491B21F003010C4423B954F8043D013EA9
:10B63000002BFAD04846C9F8106003B0BDE8F08F7F
:10B6400089DA01248BE70021FFF7C0FC814678B13D
:10B6500001220023C0E90423484603B0BDE8F08F6F
:10B6600000284FEA820208BF00220AEB0204DBE74F
:10B67000064B07484A4640F2372100F08BF9034B4E
:10B6800003484A4640F2452100F084F98CD4000872
:10B69000FCD40008F0B5012183B016461F46FFF721
:10B6A00095FC0546002847D0C7F30A54C7F3130397
:10B6B0000CB143F48013002E019314D101A8FFF7BD
:10B6C00027FD019B6B61012220302A6114B3089B86
:10B6D000A4F2334404441C60099BC0F13500186097
:10B6E000284603B0F0BD68460096FFF711FD019BA8
:10B6F00000B30099C0F1200203FA02F2C3400193A3
:10B700000A43002BC5E905230CBF012202222A614E
:10B71000002CDCD105EB8201A0F2324308690899C4
:10B720000B60FFF7D3FC099BC0EB42101860284662
:10B7300003B0F0BD009AE4E7034B04482A4640F208
:10B740000F3100F027F900BF8CD40008FCD40008AA
:10B7500049B1FF2A02D80A70012070478A2303608A
:10B760004FF0FF3070470846704700BF70B5054680
:10B7700084B05BB11C460F4BD3F8E060234669B13F
:10B780002846B047431C0FD004B070BD094B00F5EC
:10B790008274D3F8E06023460029F1D10A46284696
:10B7A00001A9B047431CEFD100228A2322602B60FD
:10B7B00004B070BD6806002400B583B0DDF810C089
:10B7C000CDE9003C4FF0FF3300F052FB03B05DF8D1
:10B7D00004FB00BF2DE9F0478F681D46AF420B68A0
:10B7E0000C46164636D8B1F90CC01CF4906F0ED139
:10B7F0003D46184631462A4600F04CF8A368DF1B48
:10B800002368A7602B4400202360BDE8F0874A69C5
:10B81000096902EB42025F1A02EBD2726B1C5210F2
:10B820003B44934292BF914699461A461CF4806F5E
:10B83000804611D01146FCF735F9824600B32169E4
:10B840003A46F5F71DFAA38923F4906343F0800389
:10B85000A38105E02F46CCE700F0F2F8824658B10C
:10B860000AEB0703A9EB0707A760C4F810A0C4F808
:10B87000149023602F46BCE721694046FCF716F878
:10B88000A3890C2243F04003C8F800204FF0FF309A
:10B89000A381BAE788420ED98B1883420BD900EBFB
:10B8A000020C002A6ED0624613F801CD02F801CDD9
:10B8B0009942F9D170470F2A0FD8034602F1FF3C95
:10B8C000002A5FD00CF1010C013B8C4411F8012BD4
:10B8D00003F8012F6145F9D1704740EA01039B0746
:10B8E00051D1A2F1100370B501F1200C23F00F0526
:10B8F00001F1100E00F11004AC441B095EF8105C5D
:10B9000044F8105C5EF80C5C44F80C5C5EF8085C73
:10B9100044F8085C5EF8045C44F8045C0EF1100E18
:10B92000E64504F11004E9D1013312F00C0F01EBEC
:10B93000031102F00F0400EB031328D0043C24F0A1
:10B9400003064FEA940C1E441C1F8E465EF8045BEF
:10B9500044F8045FB442F9D10CF1010402F003028F
:10B9600003EB840301EB840102F1FF3C4AB10CF1CB
:10B97000010C013B8C4411F8012B03F8012F6145A8
:10B98000F9D170BD704702F1FF3C03469AE72246A9
:10B99000EAE700BF00B50B4C25681446EE681A466E
:10B9A00085B003460D464CB107490095CDE9011419
:10B9B0003046064900F06EFA01F0E4FB04490C46FB
:10B9C000F3E700BF0C01002458D5000868D5000833
:10B9D00064D5000838B5A1FB021454BBFCF762F82B
:10B9E000054650B350F8042C22F00302043A242AEE
:10B9F00010D8132A13D91B2AC0E9004416D9242AC7
:10BA0000C0E902440ABFC0E9044400F1100200F199
:10BA1000180205E02146FBF7A3FD284638BD024683
:10BA20000023C2E900339360284638BD00F10802C4
:10BA3000F6E7FBF73BFE0C2303600025284638BDE4
:10BA40002DE9F84F1646002900F096800C468046F6
:10BA500006F10B05FCF7D8FA54F8041C162DA4F1D6
:10BA6000080921F0030758D81025AE4258D8AF4234
:10BA700060DABE4B9A6809EB070C6245DCF80400FB
:10BA800000F0908020F0010363445B68DB0768D41A
:10BA900020F003003B189D4247DDCB0712D454F839
:10BAA000083CA9EB030BDBF8043023F0030210443D
:10BAB00000EB070A554540F3F68007EB020A5545AF
:10BAC00040F3CC8031464046FBF7ECFF06460028A9
:10BAD00000F0208154F8043C23F001034B44A0F112
:10BAE0000802934200F0B4803A1F242A00F2D78063
:10BAF000132A00F2A2800346224611681960516899
:10BB0000596092689A6021464046FBF7CFFE404656
:10BB1000FCF780FA3046BDE8F88F35F00705A4D56C
:10BB20000C23C8F80030002618E01F46DCE9022389
:10BB3000D3609A60D9F804307A1B0F2A03F001030E
:10BB400009EB07001DD83B43C9F80430436843F0B4
:10BB5000010343604046FCF75DFA26463046BDE8E7
:10BB6000F88FC907AED454F8083CA9EB030BDBF8F7
:10BB7000043023F00302A0E7BDE8F84F1146FBF7BD
:10BB800091BF09EB05012B4342F00102C9F80430D3
:10BB90004A60436843F00103436008314046FBF7C5
:10BBA00085FED7E720F00300C21905F1100C6245AD
:10BBB00080F29180CA0785D454F8082CA9EB020BB7
:10BBC000DBF8042022F00302104400EB070AD445FE
:10BBD0003FF773AF5E46DBF80C1056F8080F3A1FBC
:10BBE000242AC160886000F2AE80132A40F2A98046
:10BBF0002168CBF808106168CBF80C101B2A00F202
:10BC0000A88008340BF1100221681160616851604E
:10BC1000A16891600BEB0501AAEB050242F001025D
:10BC200099604A60DBF8043003F001032B4340467F
:10BC3000CBF80430FCF7EEF990E723680360636803
:10BC400043601B2A3CD804F1080200F1080354E7C2
:10BC500050F8043C23F003031F446BE73A1F5E4691
:10BC6000DBF80C3056F8081F242ACB60996022D8E4
:10BC7000132A1ED92368CBF808306368CBF80C3040
:10BC80001B2A3BD808340BF1100322681A60626843
:10BC90005A60A2689A6034465746D9464AE7214618
:10BCA000FFF7F8FD2FE7DCE902133A1FCB6099603C
:10BCB000D5E73346E9E721463046FFF7EBFDEAE7F3
:10BCC000A3688360E368C360242A27D004F11002CC
:10BCD00000F1100311E709EB05019960531B43F0D4
:10BCE00001034B6054F8043C03F001032B4340462E
:10BCF00044F8043CFCF78EF926462FE7A368CBF8FE
:10BD00001030E368CBF81430242A10D010340BF133
:10BD10001803BAE74046FCF77DF904E7236903619D
:10BD20006169416104F1180200F11803E5E6236935
:10BD3000CBF818306369CBF81C3018340BF12003B2
:10BD4000A3E7324660E721463046FFF7A3FD074BE5
:10BD500060E7A168CBF81010E168CBF81410242A32
:10BD600006D010340BF118024EE700BF6002002429
:10BD70002269CBF818206269CBF81C2018340BF12B
:10BD8000200241E72DE9F04F89B0DDE9137A8646BC
:10BD90001E46002F53D01568002955D0129B002B4A
:10BDA00062D0741E2EB3CDE900E1DDF848B00291F7
:10BDB000043D002603920AE0019BF3B9286800289D
:10BDC00031D0DC4552D2013C631C664611D055F897
:10BDD000042F0098DAF8E0C03B4605A9D7E900989F
:10BDE000E047421C34D000EB060CDC45E4D9C7E93F
:10BDF0000098304609B0BDE8F08F00280CDD029BAA
:10BE000018445A1E05A900F1FF3E11F8013B02F843
:10BE1000013F7245F9D10290039B28681A680432E9
:10BE20001A600028CDD10199039A01B110600CF17C
:10BE3000FF36002230463A6009B0BDE8F08F156841
:10BE400000F586770029A9D14FF0FF331293A8E7B8
:10BE5000DDF800E006468A2100223046CEF80010C8
:10BE60003A6009B0BDE8F08F129EC2E76646C0E7AF
:10BE700010B584B0054C06980090079801900448CE
:10BE800000680294FFF77EFF04B010BD680600242E
:10BE90000C0100240EB410B583B005AB064C53F86A
:10BEA000042B01930146206800F008F803B0BDE8B8
:10BEB000104003B0704700BF0C0100242DE9F04F83
:10BEC000C7B016AFCDE906218346082200213846C7
:10BED0001C460C93FBF744FBBBF1000F04D0DBF8CE
:10BEE0003430002B00F02986079B5A6EB3F90C30D2
:10BEF000D00702D4990540F10C859E0406D4079919
:10BF000043F4005322F400528B814A66950400F1F9
:10BF1000C586079AB2F90C30190740F1CB80126937
:10BF2000002A00F0C78003F01A020A2A00F0D1802C
:10BF300000239E46CDE90FEECDE91B33DFF85CA26E
:10BF4000CDF838E01DAB1A939946CDF820E0CDF836
:10BF500034E0069DDAF8E440FDF796FF00970346CB
:10BF60002A4614A95846A047002800F0D180C0F204
:10BF7000C780149A252A034601D01D44EAE7069B90
:10BF8000EE1A044640F0C88000234FF0FF316A7873
:10BF90008DF84B3009936C1C059103930134A2F189
:10BFA00020035A2B00F2FC80DFE813F06402FA0051
:10BFB000FA005E02FA00FA00FA006A00FA00FA00DB
:10BFC000EC01FD01FA00F7010802FA0002025B0031
:10BFD0005B005B005B005B005B005B005B005B0089
:10BFE000FA00FA00FA00FA00FA00FA00FA00FA0081
:10BFF000FA00A1016E02FA00FA00FA00FA00FA0053
:10C00000FA00FA00FA00FA00FA002402FA00FA0034
:10C01000FA007A01FA009102FA00FA00E904FA0043
:10C02000FA00FA00FA00FA00FA00FA00FA00FA0040
:10C03000FA00A101C601FA00FA00FA008802C6015E
:10C040007E00FA000E03FA00FF02E604DE027E0024
:10C05000FA007A017C00E304FA00FA000C05FA0009
:10C060007C00A2F13003002114F8012B01EB8101C7
:10C0700003EB4101A2F13003092BF5D909918EE7B9
:10C080005846FDF707FF43680F931846F4F738FD4D
:10C09000109005465846FDF7FDFE83680E93002D6F
:10C0A00040F05884227879E7039B227843F02003FC
:10C0B000039373E7079D5846294601F001F80028CD
:10C0C00040F02086B5F90C3003F01A020A2A7FF4FA
:10C0D0002FAF0799B1F90E20002AFFF629AF4A6E5B
:10C0E000D60702D49D0540F1CD85DDE90621234622
:10C0F000584600F019FE0890089847B0BDE8F08F48
:10C10000082200213846FBF72BFA01231D4421E7C2
:10C11000069BEE1A044612D0069BC9E900361C9B0A
:10C1200033441C931B9B0133072B1B9311DC09F138
:10C130000809089B33440893002C7FF425AF1C9B0F
:10C14000002B40F0BA85079B0022B3F90C301B92FC
:10C1500019E007991AAA584600F026FE80B90DF199
:10C160007409E6E707991AAA584600F01DFE002850
:10C1700000F081800B9B1BB10B995846FBF796FB97
:10C18000079BB3F90C30079A526ED1077ED55B0638
:10C1900000F18E85089847B0BDE8F08F680600244E
:10C1A0000694002ACBD000238DF84B3001238DF864
:10C1B000B42004930A932DAC00230B9305930398AA
:10C1C00010F08408DDE91B2105D10998049D451B69
:10C1D000002D00F3D7829DF84B0078B10132012089
:10C1E0000131C9F80400072A0DF14B00CDE91B21EC
:10C1F000C9F8000000F3FB8209F108097BB10132A4
:10C2000013A80231C9F80000072A4FF00200CDE957
:10C210001B21C9F8040000F3F98209F10809B8F1FB
:10C22000800F00F00D82059B0A981D1A002D00F367
:10C230004B820A9BC9F8004001321944072ACDE914
:10C240001B21C9F8043000F37A8209F10809039B25
:10C25000580705D5099B049A9C1A002C00F3E38229
:10C26000DDE9083204988242ACBF9B181B18089382
:10C2700000297FF477AF00231B930B9B1BB10B9915
:10C280005846FBF713FB0DF1740962E69A053FF57A
:10C290007EAF079CA06DFBF73DFAB4F90C3076E752
:10C2A0000C9E069456F8044B00238DF84B30002C5E
:10C2B00000F05B84532A00F0A083039B13F0100569
:10C2C00040F09B83059B002BC0F2CB841A46294685
:10C2D0002046F4F785FC0B90002800F00485031B32
:10C2E000CDE90A3523EAE373049300F09BBC0C9B71
:10C2F0000694432A03F1040503D0039BD80640F1BA
:10C3000065830822002118A8FBF72AF90C9B2DACA5
:10C310001A68214618AB5846FFF728FA034601333E
:10C320000A9000F0D4840A9B23EAE3730493002369
:10C330000C958DF84B303FE7039B0694990640F12E
:10C34000AC800C9B073323F0070319465A6851F859
:10C35000083B0C911146002AC0F23F81059A002A41
:10C36000C0F24881039A22F08002039253EA01024C
:10C3700040F04081059B002B40F0898404930A9390
:10C3800046AC49E10C9B53F8042B0992002A80F239
:10C39000B882099A0C9352420992039B227843F087
:10C3A00004030393FAE52B2322788DF84B30F5E54F
:10C3B000039B227843F080030393EFE5204610F8B7
:10C3C000012B2A2A00F09384A2F13003092B98BF95
:10C3D000002100F25E8410F8012B01EB810103EBD8
:10C3E0004101A2F13003092BF5D941EAE17305932C
:10C3F0000446D4E5039B069443F0100212F020019A
:10C4000000F04F820C9B073323F00703184659684E
:10C4100050F8083B0C9022F480640394059C0020A3
:10C4200084428DF84B007CDB53EA010422F49062D5
:10C4300040F07F83039C0392059B002B69D1002869
:10C4400040F05A8214F001020A9200F05E8230231A
:10C450008DF817319DF84B3004920DF21714002B14
:10C4600040F0DF800B93E1E0039B227843F001036F
:10C47000039393E59DF84B302278002B7FF48EAD2B
:10C4800020238DF84B3089E5039B069443F010037D
:10C490000393039B99063FF554AF0C9A52F8043B63
:10C4A0000C92039AD20600F14182039A560640F19B
:10C4B000398243F3C0310A461BB24CE72278039B12
:10C4C000682A00F0938243F04003039366E5039BE0
:10C4D000069443F0100414F0200100F0F1810C9B4D
:10C4E000073323F007031A46596852F8083B0C92A9
:10C4F00000228DF84B20059A002AC0F21C8324F0FC
:10C500008002039253EA010274D1059B0120002BA3
:10C5100095D0012800F0BB8300230228194600F0C3
:10C520001A8146AC03F00702DB0843EA4173C908ED
:10C53000303253EA0105204604F8012DF2D1039B65
:10C54000DD0740F11681302A00F013813023059A6F
:10C5500004F8013C023846AB1B1A9A42B8BF1A468F
:10C560000A930446049257E0039B0C9A069443F006
:10C570000203039352F8043B0C9247F63002ADF8E5
:10C580004C20AD4A0D92002100228DF84B20059AD7
:10C59000002AC0F2E080039C53EA010024F08002EC
:10C5A000039240F0D880022046E7039B06949C0645
:10C5B00040F1BF810C9B089A1B681A60D2175A6021
:10C5C0000C9B04330C93C4E42278039B6C2A00F088
:10C5D000068243F010030393E0E42D228DF84B20F4
:10C5E000059A5B4261EB4101002A03DB039A22F0CA
:10C5F000800203920A2B71F1000280F037823033FF
:10C60000DBB28DF81731059B012BB8BF01230493D2
:10C6100001230A930DF217149DF84B30002B3FF4C1
:10C6200021AF00230B93049B01330493039B13F06E
:10C6300002033FF4C4AD049B023304930223BEE51E
:10C64000099B04981D1A002D7FF7EDAD102DDFF822
:10C65000EC8126DD40464B46A046DDF81C901026B6
:10C66000044604E0103D102D03F1080315DD0132EE
:10C670001031072AC3E90046CDE91B21F2DD1AAAD1
:10C680004946584600F090FB00287FF473AD103DFA
:10C69000102DDDE91B211DABE9DC994623464446FC
:10C6A000984601322944072ACDE91B21C9F80080A8
:10C6B000C9F8045000F34682059B0A981D1A002D04
:10C6C00009F108097FF7B5AD102DDFF8708128DD7D
:10C6D0004B461026A9462546079C06E0A9F11009FD
:10C6E000B9F1100F03F1080318DD0132534810317E
:10C6F000072AC3E90006CDE91B21EFDD1AAA21466E
:10C70000584600F051FB00287FF434ADA9F1100920
:10C71000B9F1100FDDE91B211DABE6DC2C464D46BF
:10C72000994601322944072ACDE91B21C9F8008026
:10C73000C9F8045000F3D38009F1080979E5079995
:10C740001AAA584600F030FB00287FF413AD1C995C
:10C750000DF174097BE50D9846AC03F00F021B093F
:10C76000825C04F8012D43EA0173090953EA0102CE
:10C77000F3D1059A46AB1B1B9A42B8BF1A460A93DF
:10C78000049249E7102D2E4E23DD48461193A14611
:10C79000079C04E0103D102D00F1080016DD013269
:10C7A00010311023072ACDE91B2106604360F1DD1B
:10C7B0001AAA2146584600F0F7FA00287FF4DAACAE
:10C7C000103D102DDDE91B211DA8E8DC119B4C4616
:10C7D000814601322944072ACDE91B21C9F80060AE
:10C7E000C9F8045000F3958109F10809F3E40799A9
:10C7F00011931AAA584600F0D7FA00287FF4BAAC71
:10C80000DDE91B21119B0DF17409F7E407991AAAC0
:10C81000584600F0C9FA00287FF4ACACDDE91B21D2
:10C820000DF17409FBE4102C1B9B054E26DDDDF891
:10C830001C8010250BE000BF04D40008C8D70008F6
:10C84000D8D70008103C102C09F1080916DD013377
:10C850001031072BC9E90065CDE91B31F2DD1AAAB9
:10C860004146584600F0A0FA00287FF483AC103C03
:10C87000102CDDE91B310DF17409E8DC0133214492
:10C88000072BC9E90064CDE91B317FF7E9AC0799B3
:10C890001AAA584600F088FA00287FF46BAC1C995D
:10C8A000DEE40C9850F8043B0C9012F010007FF47A
:10C8B000B2AD12F0400400F062819BB20146AAE5DD
:10C8C0000C9A52F8043B0C9214F010027FF410AE54
:10C8D00014F0400000F059819BB2114608E6079918
:10C8E0001AAA584600F060FA00287FF443ACDDE94C
:10C8F0001B210DF174099CE4059B04930A9346AC3B
:10C900008AE622780C93FFF749BB059B049346AC5B
:10C9100082E6079DA86DFAF7FBFEB5F90C306A6E4A
:10C92000FFF7EBBA039A950500F18781D9170A46FC
:10C9300011E5039BD80600F11381039B590600F112
:10C940008B81039B9A0540F10B810C9B089A1B6815
:10C950001A7035E60E9B2278002B3FF41FAB1B7834
:10C96000002B3FF41BAB039B43F480630393FFF75F
:10C9700015BB0694039CAEE5039A06943EE5B24BC4
:10C9800006940D93039B13F020015FD00C9B07339B
:10C9900023F007031846596850F8083B0C90039C95
:10C9A000E6070AD553EA010007D08DF84D2044F080
:10C9B0000202039230228DF84C20039A22F4806206
:10C9C0000392E1E5A14B06940D93DBE70C9B1B68FA
:10C9D0008DF8B430012304930A932DACA7E443F0FF
:10C9E0002003627803930134FFF7D8BA43F400734D
:10C9F000627803930134FFF7D1BA0822002118A806
:10CA00001594FAF7ADFD059B002BC0F2DC800025E4
:10CA1000CDF81090A84699460EE02DA95846FEF78D
:10CA2000A5FE431C404400F05281484509DC05F155
:10CA3000040500F054818046159A525918AB002A1B
:10CA4000EBD1DDF81090CDF82880C9E00C9850F8B3
:10CA5000043B0C90039810F01000A0D1039911F042
:10CA6000400400F099809BB2014698E7039ACDF804
:10CA7000109046AC02F48062A146CDF828B0744E06
:10CA8000DDF838B04FF0000C144605E00A2B71F1C8
:10CA9000000136D3434629465A1842F10002A6FB4C
:10CAA000020525F0030000EB9500121A981A4FF0CA
:10CAB000CC3561F1000E05FB00F506FB0E55A0FB21
:10CAC0000680054408F0010E0520AEFB000E80181C
:10CAD0004FEA5808303009F8010C48EAC5780CF1E3
:10CAE000010C09F1FF396D08002CCFD09BF8002014
:10CAF0006245CBD1BCF1FF0FC8D00A2B71F1000108
:10CB000051D2CDF838B04C46DDF828B0DDF81090A1
:10CB10002FE6079911931AAA584600F045F9002804
:10CB20007FF428ABDDE91B21119B0DF17409FFF7A0
:10CB300052BB0392F5E403945CE55846FAF740FCD7
:10CB4000FFF7D2B907991AAA584600F02DF9002824
:10CB50007FF410ABDDE91B210DF17409FFF763BB16
:10CB60000C9B089A1B681A602AE5059B394C0C96A9
:10CB7000062B28BF06230A930493FFF71DBB12F46C
:10CB800000711CBFDBB2214645E414F400713FF490
:10CB9000AFACDBB20146ABE4039911F400711CBFEA
:10CBA000DBB22146FBE6109B0F99A9EB03091A465D
:10CBB0004846FDF735F99BF801300BB10BF1010B3D
:10CBC0004FF0000C66E718AB00930023194615AA36
:10CBD0005846FEF7F1FD034601330A9077D01594CD
:10CBE0000A9BE3B1632B45DC00230B932DAC082299
:10CBF000002118A8FAF7B4FC0A9D18AB009315AAF7
:10CC00002B4621465846FEF7D7FD854240F08580E9
:10CC10000A9A0023A35422EAE273049302E00A9BD7
:10CC200004930B939DF84B301BB100230C96059396
:10CC3000F9E405930C96FFF7C2BA43F3C0110A4614
:10CC40005BB2FFF788BB00BF18D4000804D400080B
:10CC5000CDCCCCCC2CD400080C9B089A1B681A8035
:10CC6000AEE42046F3F74CFF20EAE073CDE90A0575
:10CC70000493D7E7591C5846FAF714FF044630B31B
:10CC80000B90B4E7886DFAF745FDFFF72EBA302315
:10CC9000B7E4002304460593FFF781B9D40707D40E
:10CCA000079B9B89980503D4079B986DFAF732FD83
:10CCB0004FF0FF330893FFF76DBA07991AAA584649
:10CCC00000F072F800283FF43EAAFFF759BA079A1D
:10CCD000B2F90C3043F040039381FFF754BADDE919
:10CCE00004930A937CE7059B04930A939AE70C9BB1
:10CCF000627853F8041B0C9341EAE17104460591F4
:10CD0000FFF74CB9079A536EDB07D1D493899F057F
:10CD1000CED4906DFAF7FEFCCAE7079A938943F0E8
:10CD200040039381FFF726BAF0B51F468B89ADF219
:10CD30006C4D23F00203ADF80C301AAB0093049352
:10CD40004FF48063029305934B6E1993CB89ADF832
:10CD50000E30CB6907934B6A0993154600230646AC
:10CD600016A80C460693FAF7CFFC2A463B466946BE
:10CD70003046FFF7A3F8051E07DB69463046FDF78E
:10CD800025F8002818BF4FF0FF35BDF80C305B06C2
:10CD900003D5A38943F04003A3811698FAF7B6FCA4
:10CDA00028460DF26C4DF0BD936810B514461BB9C2
:10CDB00018460023636010BD00F006F80023A3604E
:10CDC0000023636010BD00BF9368002B00F0F68065
:10CDD0002DE9F04FB1F90CC01CF0080F83B090465C
:10CDE00081460C4631D00B697BB31CF00207D8F8A2
:10CDF000006038D00027D4F824B0E169DFF8BCA285
:10CE00003D4655452B463A4628BF53464846C5B190
:10CE1000D847002840F3C880D8F808301B1A0744C8
:10CE20002D1AC8F80830002B00F0B48055452B4669
:10CE3000D4F824B0E16928BF53463A464846002D4D
:10CE4000E6D1D6E900750836DBE72146484600F012
:10CE500037F9002840F0AD80B4F90CC0D8F8006074
:10CE60001CF00207C6D11CF0010A63D12368A16837
:10CE7000574618468B46002F58D01CF4007F00F010
:10CE8000B180B9420A4600F2DD801CF4906F2FD0C9
:10CE9000216962695D1A02EB420202EBD2726B1CDD
:10CEA00052103B44934292BF93469B461A461CF451
:10CEB000806F00F0E68011464846FAF7F3FD00283F
:10CEC00000F0F5802A4621690190F3F7D9FEA28986
:10CED000019B22F4906242F08002A2815819ABEBD0
:10CEE0000505C4F814B02361A5602060BB463A462E
:10CEF00051460192FEF7CEFCA1682368019AA1EB8E
:10CF00000B011A443D46A16022600027D8F8083082
:10CF10005B1BAA44C8F80830002B3BD02368A168EB
:10CF2000B4F90CC018468B46002FA6D1D6E900A74D
:10CF300008369EE73846BB463D46002D40D00028C7
:10CF400045D03A46D4E904C32068A168AA4228BF64
:10CF50002A46604504D901EB030A524500F382805A
:10CF6000934272DCE169D4F824C05A464846E0474F
:10CF7000B0F1000A18DDB7EB0A070FD00120D8F88E
:10CF80000830A3EB0A03D344A5EB0A05C8F8083020
:10CF9000002BD2D1002003B0BDE8F08F21464846D7
:10CFA000FCF714FF0028EAD0B4F90C3043F040033A
:10CFB000A3814FF0FF3003B0BDE8F08F0020704731
:10CFC000756833460836002DFAD0D3F800B02A46EB
:10CFD0000A215846F3F704FE002865D00130A0EB83
:10CFE0000B07AEE722699A4214D36269BA4211D89C
:10CFF0006FF00043BB4228BF3B46656A93FBF2F3E8
:10D00000E16902FB03F348465246A847051ECBDD03
:10D010007F1B7BE7B94228BF39460D4618460A46B2
:10D020005146FEF737FCA1682368491B2B44A160D9
:10D0300023600029ECD121464846FCF7C7FE0028B2
:10D04000E6D0B1E7BB463A4652E759460192FEF7B1
:10D0500021FC019AA3689B1AA360236813442360F0
:10D06000924688E759465246FEF714FC236853441B
:10D07000236021464846FCF7A9FE00283FF47BAF19
:10D0800092E74846FEF7DCFC034600287FF426AF13
:10D0900021694846FAF70AFCB4F90C300C22C9F8A9
:10D0A000002023F0800381E76A1C17464AE70C2220
:10D0B000B4F90C30C9F8002078E700BF00FCFF7F0E
:10D0C00038B52F4B1B6805460C4613B15A6B002A26
:10D0D0004BD0B4F90C3018071CD5226922B313F0D9
:10D0E000010107D0616900204942A060A1613AB105
:10D0F000002038BD980758BF6169A160002AF7D1A8
:10D10000190658BF1046F4D543F04003A3814FF0F1
:10D11000FF3038BDD9062CD55A0712D4226943F006
:10D120000803A381002ADAD103F42071B1F5007F4E
:10D13000D5D02146284600F02DF8B4F90C302269EC
:10D14000CDE7216B51B104F14002914204D0284651
:10D15000FAF7ACFBB4F90C300022226322690021FB
:10D16000C4E9002123F02403D9E71846FAF728F987
:10D17000AFE7092243F040032A60A381C7E700BF5D
:10D180000C01002408B5062000F072F80120F4F725
:10D19000CBFC00BF2DE9F041B1F90C300C469907EA
:10D1A00096B008D504F143030122C4E90432236098
:10D1B00016B0BDE8F081B4F90E100029064626DB52
:10D1C0006A4600F081F800281FDB019D05F47045D8
:10D1D000A5F50055B5FA85F54FF480686D094FF453
:10D1E000006741463046FAF75DFCE8B1B4F90C300F
:10D1F000C4F8148043F0800320602061A3813DBB0C
:10D200003B43A38116B0BDE8F081B4F90C3013F0B4
:10D21000800519D04FF040080025414630462F4682
:10D22000FAF740FC0028E1D1B4F90C309A05BFD4DC
:10D2300023F0030304F1430243F002030121C4E994
:10D240000421A3812260B3E74FF480682F46C8E72A
:10D25000B4F90E10304600F04DF810B9B4F90C30A6
:10D26000CEE7A38923F0030343F001031BB2C7E712
:10D2700038B5144B1F281D681ED8D5F83821044630
:10D2800062B152F820304BB1012B05D0591C0FD0A0
:10D29000002142F820109847002038BD284600F0B1
:10D2A00051F8224601462846BDE8384000F034B81F
:10D2B00016232B60012038BD16232B604FF0FF3062
:10D2C00038BD00BF0C01002470B50C46084D034664
:10D2D0000026204611461C462E60F4F74CFC431CE9
:10D2E00000D070BD2B68002BFBD0236070BD00BF49
:10D2F0001427002438B5074D0022044608462A604A
:10D30000F4F73EFC431C00D038BD2B68002BFBD04B
:10D31000236038BD1427002470B50C46084D034621
:10D320000026204611461C462E60F4F7F5FB431CF0
:10D3300000D070BD2B68002BFBD0236070BD00BFF8
:10D3400014270024F4F7E6BBF8B500BFF8BC08BC0E
:10D350009E467047F8B500BFF8BC08BC9E467047B3
:10D36000537472696E672025640000005265626F15
:10D370006F74696E672E2E2E0A000000757064614E
:10D380007465000064726976652E000073746F70B6
:10D390002E00000052657374617274696E672069B3
:10D3A0006E20444655206D6F64652E2E2E000000C1
:10D3B0004C48526520485643000000004C6F6E6791
:10D3C000686F726E20526163696E6720456C656399
:10D3D000747269630000000043444320436F6E662B
:10D3E0006967000043444320496E74657266616357
:10D3F00065000000494E4600696E66004E414E00D1
:10D400006E616E003031323334353637383961620F
:10D4100063646566000000003031323334353637DE
:10D42000383941424344454600000000286E756C7F
:10D430006C290000300000004C435F434F4C4C41CE
:10D44000544500004C435F435459504500000000D0
:10D450004C435F4D4F4E4554415259004C435F4E33
:10D46000554D4552494300004C435F54494D4500DA
:10D470004C435F4D4553534147455300496E6669E0
:10D480006E697479000000004E614E0042616C6C60
:10D490006F632073756363656564656400000000F5
:10D4A0002F646174612F6A656E6B696E732F776F7D
:10D4B000726B73706163652F474E552D746F6F6C7F
:10D4C000636861696E2F61726D2D31332F737263E2
:10D4D0002F6E65776C69622D63796777696E2F6E41
:10D4E00065776C69622F6C6962632F7374646C6911
:10D4F000622F64746F612E63000000002F646174FA
:10D50000612F6A656E6B696E732F776F726B7370C4
:10D510006163652F474E552D746F6F6C6368616949
:10D520006E2F61726D2D31332F7372632F6E65779D
:10D530006C69622D63796777696E2F6E65776C69A8
:10D54000622F6C6962632F7374646C69622F6D70F3
:10D550007265632E630000002C2066756E6374692B
:10D560006F6E3A2000000000617373657274696F1A
:10D570006E2022257322206661696C65643A2066FC
:10D58000696C6520222573222C206C696E6520252C
:10D5900064257325730A00000000000001020304E3
:10D5A0000102030406070809002020202020202073
:10D5B0002020282828282820202020202020202043
:10D5C0002020202020202020208810101010101053
:10D5D000101010101010101010040404040404049F
:10D5E0000404041010101010101041414141414139
:10D5F000010101010101010101010101010101011B
:10D60000010101011010101010104242424242422A
:10D6100002020202020202020202020202020202EA
:10D620000202020210101010200000000000000092
:10D6300000000000000000000000000000000000EA
:10D6400000000000000000000000000000000000DA
:10D6500000000000000000000000000000000000CA
:10D6600000000000000000000000000000000000BA
:10D6700000000000000000000000000000000000AA
:10D68000000000000000000000000000000000009A
:10D69000000000000000000000000000000000008A
:10D6A00000000000000000000000000030303030BA
:10D6B00030303030303030303030303020202020AA
:10D6C00020202020202020202020202005000000D5
:10D6D000190000007D0000000080E03779C341435D
:10D6E000176E05B5B5B89346F5F93FE9034F384DC8
:10D6F000321D30F94877825A3CBF737FDD4F157574
:10D70000000000000000F03F000000000000244086
:10D7100000000000000059400000000000408F4061
:10D72000000000000088C34000000000006AF840CC
:10D730000000000080842E4100000000D0126341F0
:10D740000000000084D797410000000065CDCD4166
:10D75000000000205FA00242000000E87648374247
:10D76000000000A2941A6D42000040E59C30A242E5
:10D770000000901EC4BCD64200003426F56B0C435A
:10D780000080E03779C3414300A0D8855734764301
:10D7900000C84E676DC1AB43003D9160E458E14362
:10D7A000408CB5781DAF154450EFE2D6E41A4B44D7
:10D7B00092D54D06CFF08044F64AE1C7022DB5441C
:10D7C000B49DD9794378EA4430303030303030304D
:10D7D00030303030303030302020202020202020C9
:08D7E000202020202020202041
:08D7E8001830FF7F0100000072
:08D7F000D57700084517000879
:04D7F8001D170008F1
:10D7FC000090D0030090D003010000001000000046
:10D80C0009024300020100C03209040000010202B7
:10D81C00010005240010010524010001042402026A
:10D82C000524060001070582030800100904010005
:10D83C00020A0000000705010240000007058102F2
:10D84C004000000023600008BF5F0008A55E0008D0
:10D85C0000000000CD5C0008295E0008F15D0008A6
:10D86C00000000000000000000000000A95D00089E
:10D87C00615D0008195D00080D5D00080A060002D4
:10D88C000000004001000000516E00081D6E0008F1
:10D89C00216E0008296E0008256E00081A0300008E
:10D8AC00000000000000000000000000000000006C
:10D8BC000000000000000000040309041201000233
:10D8CC0002020040830440570002010203010000E1
:10D8DC00A56E0008B16E0008756F0008516F000846
:10D8EC003D6F0008916F0008B56F00080000000044
:10D8FC000000000003000000D825002410010024C3
:10D90C0000000000D825002440260024A82600246E
:10D91C0000000000000000000000000000000000FB
:10D92C0000000000000000000000000000000000EB
:10D93C0000000000000000000000000000000000DB
:10D94C0000000000000000000000000000000000CB
:10D95C0000000000000000000000000000000000BB
:10D96C0000000000000000000000000000000000AB
:10D97C00000000000000000000000000000000009B
:10D98C00000000000000000000000000000000008B
:10D99C00000000000000000001000000000000007A
:10D9AC000E33CDAB34126DE6ECDE05000B0000003F
:10D9BC00000000000000000000000000000000005B
:10D9CC00000000000000000000000000000000004B
:10D9DC00000000000000000000000000000000003B
:10D9EC00000000000000000000000000000000002B
:10D9FC00000000000000000000000000000000001B
:10DA0C00000000000000000000000000000000000A
:10DA1C0000000000000000000000000000000000FA
:10DA2C0000000000000000000000000000000000EA
:10DA3C0000000000000000000000000000000000DA
:10DA4C001C270024FFFFFFFF000002000000000065
:10DA5C0000000000000000006002002460020024AE
:10DA6C006802002468020024700200247002002462
:10DA7C007802002478020024800200248002002412
:10DA8C0088020024880200249002002490020024C2
:10DA9C009802002498020024A0020024A002002472
:10DAAC00A8020024A8020024B0020024B002002422
:10DABC00B8020024B8020024C0020024C0020024D2
:10DACC00C8020024C8020024D0020024D002002482
:10DADC00D8020024D8020024E0020024E002002432
:10DAEC00E8020024E8020024F0020024F0020024E2
:10DAFC00F8020024F8020024000300240003002490
:10DB0C00080300240803002410030024100300243D
:10DB1C0018030024180300242003002420030024ED
:10DB2C00280300242803002430030024300300249D
:10DB3C00380300243803002440030024400300244D
:10DB4C0048030024480300245003002450030024FD
:10DB5C0058030024580300246003002460030024AD
:10DB6C00680300246803002470030024700300245D
:10DB7C00780300247803002480030024800300240D
:10DB8C0088030024880300249003002490030024BD
:10DB9C009803002498030024A0030024A00300246D
:10DBAC00A8030024A8030024B0030024B00300241D
:10DBBC00B8030024B8030024C0030024C0030024CD
:10DBCC00C8030024C8030024D0030024D00300247D
:10DBDC00D8030024D8030024E0030024E00300242D
:10DBEC00E8030024E8030024F0030024F0030024DD
:10DBFC00F8030024F803002400040024000400248B
:10DC0C000804002408040024100400241004002438
:10DC1C0018040024180400242004002420040024E8
:10DC2C002804002428040024300400243004002498
:10DC3C003804002438040024400400244004002448
:10DC4C0048040024480400245004002450040024F8
:10DC5C0058040024580400246004002460040024A8
:10DC6C006804002468040024700400247004002458
:10DC7C007804002478040024800400248004002408
:10DC8C0088040024880400249004002490040024B8
:10DC9C009804002498040024A0040024A004002468
:10DCAC00A8040024A8040024B0040024B004002418
:10DCBC00B8040024B8040024C0040024C0040024C8
:10DCCC00C8040024C8040024D0040024D004002478
:10DCDC00D8040024D8040024E0040024E004002428
:10DCEC00E8040024E8040024F0040024F0040024D8
:10DCFC00F8040024F8040024000500240005002486
:10DD0C000805002408050024100500241005002433
:10DD1C0018050024180500242005002420050024E3
:10DD2C002805002428050024300500243005002493
:10DD3C003805002438050024400500244005002443
:10DD4C0048050024480500245005002450050024F3
:10DD5C0058050024580500246005002460050024A3
:10DD6C006805002468050024700500247005002453
:10DD7C007805002478050024800500248005002403
:10DD8C0088050024880500249005002490050024B3
:10DD9C009805002498050024A0050024A005002463
:10DDAC00A8050024A8050024B0050024B005002413
:10DDBC00B8050024B8050024C0050024C0050024C3
:10DDCC00C8050024C8050024D0050024D005002473
:10DDDC00D8050024D8050024E0050024E005002423
:10DDEC00E8050024E8050024F0050024F0050024D3
:10DDFC00F8050024F8050024000600240006002481
:10DE0C00080600240806002410060024100600242E
:10DE1C0018060024180600242006002420060024DE
:10DE2C00280600242806002430060024300600248E
:10DE3C00380600243806002440060024400600243E
:10DE4C0048060024480600245006002450060024EE
:10DE5C00580600245806002443000000000000006F
:10DE6C0000000000000000000000000000000000A6
:10DE7C000000000000000000430000000000000053
:10DE8C000000000000000000000000000000000086
:10DE9C000000000000000000430000000000000033
:10DEAC000000000000000000000000000000000066
:10DEBC000000000000000000430000000000000013
:10DECC000000000000000000000000000000000046
:10DEDC0000000000000000004300000000000000F3
:10DEEC000000000000000000000000000000000026
:10DEFC0000000000000000004300000000000000D3
:10DF0C000000000000000000000000000000000005
:10DF1C0000000000000000004300000000000000B2
:10DF2C0000000000000000000000000000000000E5
:10DF3C00000000000000000051B70008A1AF00086D
:10DF4C0000000000A8D50008ACD3000864D5000878
:10DF5C0064D5000864D5000864D5000864D50008B1
:10DF6C0064D5000864D5000864D5000864D50008A1
:10DF7C00FFFFFFFFFFFFFFFFFFFFFFFFFFFF0000A3
:10DF8C00010041534349490000000000000000001B
:10DF9C000000000000000000000000000000000075
:10DFAC0000004153434949000000000000000000FC
:10DFBC000000000000000000000000000000000055
:04DFCC000000000051
:0400000508001DD9F9
:00000001FF
